[{"code":"000290","name":"鹏华全球高收益债","danweijingzhi":1.154,"leijijingzhi":1.409,"day":0.0867,"week":0.2606,"month":1.6291,"month3":3.1873,"halfyear":5.6874,"year":16.7829,"year2":34.5714,"year3":41.3836,"year5":0.0,"thisyear":1.5311,"founded":43.5044},{"code":"486002","name":"工银全球精选","danweijingzhi":1.738,"leijijingzhi":1.738,"day":0.9292,"week":0.6952,"month":4.1966,"month3":8.8291,"halfyear":8.0174,"year":17.3531,"year2":25.2161,"year3":38.9289,"year5":0.0,"thisyear":6.9538,"founded":73.8},{"code":"096001","name":"大成标普500","danweijingzhi":1.68,"leijijingzhi":1.79,"day":1.2048,"week":0.9009,"month":3.5758,"month3":6.6731,"halfyear":11.9341,"year":26.2741,"year2":23.3291,"year3":38.8185,"year5":0.0,"thisyear":4.8574,"founded":81.5648},{"code":"486001","name":"工银全球配置","danweijingzhi":1.166,"leijijingzhi":1.461,"day":0.8651,"week":-0.1713,"month":4.2933,"month3":7.652,"halfyear":8.3083,"year":23.4737,"year2":21.7296,"year3":30.9612,"year5":0.0,"thisyear":8.6871,"founded":53.1287},{"code":"519981","name":"长信美国标普100","danweijingzhi":1.183,"leijijingzhi":1.579,"day":0.5952,"week":0.5097,"month":3.3187,"month3":4.8759,"halfyear":9.7403,"year":20.1015,"year2":18.1818,"year3":30.1728,"year5":0.0,"thisyear":3.5902,"founded":72.5514},{"code":"206011","name":"鹏华美国房地产","danweijingzhi":1.224,"leijijingzhi":1.433,"day":1.9151,"week":2.5985,"month":5.974,"month3":12.3922,"halfyear":6.0241,"year":26.3611,"year2":13.9817,"year3":27.7469,"year5":0.0,"thisyear":6.8932,"founded":47.2707},{"code":"000071","name":"华夏恒生ETF联接","danweijingzhi":1.2734,"leijijingzhi":1.2734,"day":-0.2116,"week":-1.4396,"month":1.7174,"month3":4.8756,"halfyear":4.5055,"year":27.9799,"year2":13.0906,"year3":26.2042,"year5":27.34,"thisyear":6.6678,"founded":27.34},{"code":"270023","name":"广发全球精选股票(QDII)","danweijingzhi":1.572,"leijijingzhi":1.772,"day":0.3191,"week":-1.5037,"month":2.678,"month3":5.0101,"halfyear":8.4597,"year":22.5413,"year2":17.414,"year3":21.6703,"year5":0.0,"thisyear":7.7451,"founded":80.3954},{"code":"160121","name":"南方金砖四国指数","danweijingzhi":0.915,"leijijingzhi":0.935,"day":0.4391,"week":-2.452,"month":1.7798,"month3":6.3954,"halfyear":8.156,"year":36.9761,"year2":10.9092,"year3":21.3528,"year5":0.0,"thisyear":5.6582,"founded":-6.7041},{"code":"539001","name":"建信全球机遇混合(QDII)","danweijingzhi":1.23,"leijijingzhi":1.23,"day":0.6547,"week":-0.0812,"month":3.6226,"month3":8.1794,"halfyear":11.6152,"year":26.6735,"year2":11.1111,"year3":19.883,"year5":0.0,"thisyear":6.8636,"founded":23.0},{"code":"183001","name":"银华全球优选","danweijingzhi":1.001,"leijijingzhi":1.001,"day":0.7042,"week":-0.0998,"month":2.9835,"month3":5.9259,"halfyear":7.4034,"year":22.0732,"year2":16.2602,"year3":19.1667,"year5":0.0,"thisyear":5.5907,"founded":0.1},{"code":"100061","name":"富国中国中小盘混合","danweijingzhi":1.843,"leijijingzhi":1.938,"day":0.8206,"week":-0.7004,"month":4.1832,"month3":4.7496,"halfyear":9.78,"year":30.3223,"year2":13.4992,"year3":18.0502,"year5":0.0,"thisyear":8.9244,"founded":94.3106},{"code":"110031","name":"易方达恒生ETF联接","danweijingzhi":1.0828,"leijijingzhi":1.0828,"day":-0.3497,"week":-2.3096,"month":3.7761,"month3":3.9555,"halfyear":7.4313,"year":27.0445,"year2":-5.5478,"year3":17.0342,"year5":8.28,"thisyear":7.1655,"founded":8.28},{"code":"519696","name":"交银环球精选混合(QDII)","danweijingzhi":1.664,"leijijingzhi":2.054,"day":0.9096,"week":-0.2398,"month":3.0979,"month3":6.6288,"halfyear":8.3582,"year":23.8932,"year2":11.1437,"year3":16.4805,"year5":0.0,"thisyear":5.7845,"founded":116.7975},{"code":"377016","name":"上投摩根亚太优势混合","danweijingzhi":0.65,"leijijingzhi":0.65,"day":-0.1536,"week":-1.3657,"month":2.0408,"month3":5.6911,"halfyear":4.3339,"year":24.0458,"year2":8.5142,"year3":14.2355,"year5":0.0,"thisyear":6.9079,"founded":-35.0},{"code":"100050","name":"富国全球债券","danweijingzhi":1.092,"leijijingzhi":1.092,"day":0.0917,"week":0.2755,"month":1.5814,"month3":2.7281,"halfyear":3.2136,"year":10.9756,"year2":13.75,"year3":13.8686,"year5":0.0,"thisyear":1.1111,"founded":9.2},{"code":"160717","name":"嘉实恒生中国企业","danweijingzhi":0.7744,"leijijingzhi":0.7744,"day":-0.2319,"week":-2.2469,"month":3.5848,"month3":3.8348,"halfyear":7.5705,"year":27.7045,"year2":-10.7834,"year3":11.7138,"year5":-3.2846,"thisyear":7.9153,"founded":-22.56},{"code":"519709","name":"交银全球资源混合(QDII)","danweijingzhi":1.349,"leijijingzhi":1.372,"day":-0.0741,"week":-1.748,"month":4.7361,"month3":7.2337,"halfyear":14.9063,"year":29.9615,"year2":18.8547,"year3":10.7554,"year5":0.0,"thisyear":9.943,"founded":37.4287},{"code":"080006","name":"长盛环球行业混合(QDII)","danweijingzhi":1.156,"leijijingzhi":1.206,"day":0.4344,"week":-0.4306,"month":3.9568,"month3":2.3009,"halfyear":6.3478,"year":23.1097,"year2":4.6154,"year3":9.3662,"year5":0.0,"thisyear":6.938,"founded":21.11},{"code":"040021","name":"华安大中华升级","danweijingzhi":1.28,"leijijingzhi":1.28,"day":0.0782,"week":-1.4627,"month":2.7287,"month3":3.0596,"halfyear":5.2632,"year":22.6054,"year2":-0.2338,"year3":8.7511,"year5":0.0,"thisyear":7.2027,"founded":28.0},{"code":"040018","name":"华安香港精选","danweijingzhi":1.213,"leijijingzhi":1.213,"day":0.5804,"week":-1.0604,"month":3.7639,"month3":4.8401,"halfyear":8.7892,"year":25.6995,"year2":5.662,"year3":8.5944,"year5":0.0,"thisyear":8.6918,"founded":21.3},{"code":"161210","name":"国投瑞银新兴市场","danweijingzhi":0.933,"leijijingzhi":0.933,"day":0.8649,"week":-0.639,"month":3.8976,"month3":4.7138,"halfyear":5.3047,"year":32.906,"year2":-0.533,"year3":7.8613,"year5":0.0,"thisyear":8.1112,"founded":-6.7},{"code":"202801","name":"南方全球精选","danweijingzhi":0.813,"leijijingzhi":0.813,"day":0.8685,"week":-0.3676,"month":1.3716,"month3":0.9938,"halfyear":1.3716,"year":13.7063,"year2":-5.2448,"year3":6.6929,"year5":0.0,"thisyear":3.1726,"founded":-18.7},{"code":"161116","name":"易方达黄金主题","danweijingzhi":0.738,"leijijingzhi":0.738,"day":-0.4049,"week":0.4082,"month":4.2373,"month3":5.2782,"halfyear":-2.122,"year":5.2782,"year2":11.9879,"year3":6.1871,"year5":0.0,"thisyear":5.7307,"founded":-26.2},{"code":"262001","name":"景顺长城大中华混合","danweijingzhi":1.334,"leijijingzhi":1.344,"day":0.2254,"week":-1.5498,"month":2.5365,"month3":3.4911,"halfyear":3.894,"year":21.4937,"year2":-0.8179,"year3":5.1221,"year5":0.0,"thisyear":6.6347,"founded":34.562},{"code":"206006","name":"鹏华环球发现","danweijingzhi":1.013,"leijijingzhi":1.013,"day":0.997,"week":0.0,"month":2.6342,"month3":1.0978,"halfyear":4.8654,"year":18.203,"year2":-10.1154,"year3":4.9741,"year5":0.0,"thisyear":4.433,"founded":1.3},{"code":"241001","name":"华宝海外中国混合(QDII)","danweijingzhi":1.374,"leijijingzhi":1.374,"day":0.807,"week":-1.7167,"month":5.9368,"month3":8.4451,"halfyear":7.1763,"year":25.8242,"year2":6.5116,"year3":4.0121,"year5":0.0,"thisyear":13.2729,"founded":37.4},{"code":"118001","name":"易方达亚洲精选","danweijingzhi":0.803,"leijijingzhi":0.803,"day":0.8794,"week":0.0,"month":7.3529,"month3":4.1505,"halfyear":9.2517,"year":23.7288,"year2":5.1047,"year3":3.4794,"year5":0.0,"thisyear":9.8495,"founded":-19.7},{"code":"320013","name":"诺安全球黄金","danweijingzhi":0.813,"leijijingzhi":0.898,"day":-0.6112,"week":0.6188,"month":4.4987,"month3":5.4475,"halfyear":-2.8674,"year":4.4987,"year2":11.3699,"year3":1.2453,"year5":0.0,"thisyear":5.9975,"founded":-12.0169},{"code":"118002","name":"易方达标普消费品指数","danweijingzhi":1.487,"leijijingzhi":1.487,"day":1.6405,"week":0.3374,"month":0.0673,"month3":6.6714,"halfyear":10.6399,"year":13.1659,"year2":5.2371,"year3":0.882,"year5":0.0,"thisyear":4.6446,"founded":48.7},{"code":"519601","name":"海富通中国海外混合","danweijingzhi":1.471,"leijijingzhi":1.741,"day":0.5468,"week":-2.2591,"month":3.1557,"month3":3.8842,"halfyear":5.5236,"year":27.8019,"year2":-6.0064,"year3":-1.3414,"year5":0.0,"thisyear":8.0823,"founded":80.3721},{"code":"519602","name":"海富通大中华混合(QDII)","danweijingzhi":0.939,"leijijingzhi":0.939,"day":0.3205,"week":-1.9833,"month":3.7569,"month3":3.9867,"halfyear":6.8259,"year":32.8147,"year2":-1.7782,"year3":-1.9833,"year5":0.0,"thisyear":9.0592,"founded":-6.1},{"code":"000041","name":"华夏全球精选","danweijingzhi":0.849,"leijijingzhi":0.849,"day":0.4734,"week":-0.7018,"month":2.7845,"month3":10.2597,"halfyear":8.8462,"year":22.6879,"year2":3.5366,"year3":-3.7415,"year5":0.0,"thisyear":10.4031,"founded":-15.1},{"code":"470888","name":"汇添富香港混合(QDII)","danweijingzhi":1.028,"leijijingzhi":1.058,"day":0.6856,"week":-0.484,"month":3.4206,"month3":1.2808,"halfyear":4.4716,"year":20.0935,"year2":-0.7722,"year3":-4.0149,"year5":0.0,"thisyear":7.7569,"founded":5.6428},{"code":"050015","name":"博时大中华亚太精选股票","danweijingzhi":1.16,"leijijingzhi":1.242,"day":0.4329,"week":-0.8547,"month":3.664,"month3":10.5814,"halfyear":16.4659,"year":32.7231,"year2":-2.3569,"year3":-5.668,"year5":0.0,"thisyear":12.2943,"founded":24.3171},{"code":"460010","name":"华泰柏瑞亚洲领导企业混合","danweijingzhi":0.831,"leijijingzhi":0.831,"day":0.3623,"week":-2.4648,"month":3.1017,"month3":4.005,"halfyear":5.4569,"year":14.4628,"year2":-6.1017,"year3":-5.6754,"year5":0.0,"thisyear":7.9221,"founded":-16.9},{"code":"539002","name":"建信新兴市场混合(QDII)","danweijingzhi":0.839,"leijijingzhi":0.839,"day":0.2389,"week":-1.1779,"month":2.5672,"month3":9.6732,"halfyear":10.105,"year":30.2795,"year2":-7.1903,"year3":-5.7303,"year5":0.0,"thisyear":8.1186,"founded":-16.1},{"code":"378006","name":"上投摩根全球新兴市场混合","danweijingzhi":0.882,"leijijingzhi":0.882,"day":0.2273,"week":-2.2173,"month":3.1579,"month3":4.6263,"halfyear":8.8889,"year":18.5484,"year2":-10.5477,"year3":-8.2206,"year5":0.0,"thisyear":10.1124,"founded":-11.8},{"code":"164701","name":"汇添富黄金及贵金属","danweijingzhi":0.621,"leijijingzhi":0.621,"day":-0.4808,"week":0.8117,"month":4.7218,"month3":5.4329,"halfyear":-3.271,"year":4.1946,"year2":1.9704,"year3":-9.3431,"year5":0.0,"thisyear":6.518,"founded":-37.9},{"code":"457001","name":"国富亚洲机会股票","danweijingzhi":0.906,"leijijingzhi":0.906,"day":0.8909,"week":-0.9836,"month":5.3488,"month3":4.2578,"halfyear":8.503,"year":27.2472,"year2":-14.7695,"year3":-12.2093,"year5":0.0,"thisyear":6.5882,"founded":-9.4},{"code":"164815","name":"工银国际原油人民币","danweijingzhi":0.8681,"leijijingzhi":0.8681,"day":0.4397,"week":0.6843,"month":-0.8339,"month3":-1.3523,"halfyear":6.2546,"year":21.4126,"year2":-4.2889,"year3":-13.016,"year5":0.0,"thisyear":-2.285,"founded":-13.19},{"code":"163208","name":"诺安油气能源","danweijingzhi":0.941,"leijijingzhi":0.941,"day":2.0607,"week":1.5102,"month":-3.4872,"month3":-3.2888,"halfyear":8.912,"year":34.2368,"year2":2.5054,"year3":-13.2719,"year5":0.0,"thisyear":-4.7571,"founded":-5.9},{"code":"161620","name":"融通丰利四分法","danweijingzhi":0.829,"leijijingzhi":0.829,"day":0.6068,"week":0.0,"month":0.8516,"month3":2.0936,"halfyear":-0.4802,"year":3.3666,"year2":-17.348,"year3":-13.2845,"year5":0.0,"thisyear":0.3632,"founded":-17.1},{"code":"378546","name":"上投摩根全球天然资源混合","danweijingzhi":0.684,"leijijingzhi":0.684,"day":1.6345,"week":-1.013,"month":-1.2987,"month3":4.7473,"halfyear":19.1638,"year":50.6608,"year2":8.2278,"year3":-15.3465,"year5":0.0,"thisyear":4.7473,"founded":-31.6},{"code":"160125","name":"南方香港优选股票(QDII)","danweijingzhi":0.8487,"leijijingzhi":0.9387,"day":0.2836,"week":-2.4258,"month":1.4463,"month3":-1.153,"halfyear":3.2859,"year":13.0546,"year2":-20.1073,"year3":-21.4675,"year5":0.0,"thisyear":4.2245,"founded":-7.7095},{"code":"539003","name":"建信全球资源混合(QDII)","danweijingzhi":0.826,"leijijingzhi":0.858,"day":1.599,"week":0.1212,"month":-0.6016,"month3":4.0302,"halfyear":11.6217,"year":26.4931,"year2":-13.2353,"year3":-21.6319,"year5":0.0,"thisyear":3.3793,"founded":-14.7515},{"code":"162411","name":"华宝标普石油指数","danweijingzhi":0.666,"leijijingzhi":0.666,"day":2.7778,"week":0.6042,"month":-6.4607,"month3":-7.3713,"halfyear":9.0016,"year":58.9499,"year2":-13.7306,"year3":-41.3216,"year5":0.0,"thisyear":-6.7227,"founded":-33.4},{"code":"000948","name":"华夏沪港通恒生ETF联接","danweijingzhi":1.0538,"leijijingzhi":1.0538,"day":-0.1705,"week":-1.4219,"month":4.0482,"month3":4.9915,"halfyear":5.0439,"year":25.4524,"year2":2.5097,"year3":0.0,"year5":5.38,"thisyear":6.7139,"founded":5.38},{"code":"000834","name":"大成纳斯达克100指数","danweijingzhi":1.358,"leijijingzhi":1.358,"day":1.1169,"week":0.5926,"month":4.3011,"month3":11.6776,"halfyear":13.0724,"year":24.0183,"year2":30.3263,"year3":0.0,"year5":0.0,"thisyear":8.64,"founded":35.8},{"code":"164705","name":"汇添富恒生指数分级","danweijingzhi":1.046,"leijijingzhi":1.123,"day":-0.286,"week":-1.4138,"month":1.85,"month3":4.5651,"halfyear":4.463,"year":24.5287,"year2":0.4845,"year3":0.0,"year5":12.9794,"thisyear":6.4379,"founded":12.9794},{"code":"161831","name":"银华恒生国企指数分级","danweijingzhi":0.9491,"leijijingzhi":1.0262,"day":-0.3046,"week":-2.3359,"month":4.815,"month3":3.7495,"halfyear":7.3693,"year":27.3617,"year2":-13.1351,"year3":0.0,"year5":2.8653,"thisyear":7.8401,"founded":2.8653},{"code":"001691","name":"南方香港成长(QDII)","danweijingzhi":0.925,"leijijingzhi":0.925,"day":0.3254,"week":-2.6316,"month":0.1082,"month3":-1.4909,"halfyear":-2.2199,"year":9.209,"year2":0.0,"year3":0.0,"year5":0.0,"thisyear":2.6637,"founded":-7.5},{"code":"002400","name":"南方亚洲美元债人民币A","danweijingzhi":1.1087,"leijijingzhi":1.1087,"day":0.0993,"week":0.2079,"month":1.3344,"month3":1.5479,"halfyear":3.7429,"year":0.0,"year2":0.0,"year3":0.0,"year5":0.0,"thisyear":0.5624,"founded":10.87},{"code":"002393","name":"华安全球美元收益债C","danweijingzhi":1.104,"leijijingzhi":1.104,"day":0.0907,"week":0.3636,"month":1.6575,"month3":2.6022,"halfyear":2.7933,"year":0.0,"year2":0.0,"year3":0.0,"year5":0.0,"thisyear":1.2844,"founded":10.4},{"code":"002391","name":"华安全球美元收益债人民币A","danweijingzhi":1.109,"leijijingzhi":1.109,"day":0.0903,"week":0.362,"month":1.7431,"month3":2.6852,"halfyear":3.0669,"year":0.0,"year2":0.0,"year3":0.0,"year5":0.0,"thisyear":1.4639,"founded":10.9},{"code":"501021","name":"华宝兴业香港中国中小盘","danweijingzhi":1.1737,"leijijingzhi":1.1737,"day":0.1365,"week":-0.9285,"month":4.7105,"month3":8.205,"halfyear":10.1755,"year":0.0,"year2":0.0,"year3":0.0,"year5":17.37,"thisyear":10.7055,"founded":17.37},{"code":"002230","name":"华夏大中华混合(QDII)","danweijingzhi":1.336,"leijijingzhi":1.336,"day":0.6782,"week":0.4511,"month":5.4459,"month3":4.7843,"halfyear":9.688,"year":34.4064,"year2":0.0,"year3":0.0,"year5":0.0,"thisyear":8.6179,"founded":33.6},{"code":"001767","name":"华宝中国互联股票人民币","danweijingzhi":0.999,"leijijingzhi":0.999,"day":0.402,"week":-1.1869,"month":4.717,"month3":1.0111,"halfyear":0.7056,"year":18.5053,"year2":0.0,"year3":0.0,"year5":0.0,"thisyear":5.8263,"founded":-0.1},{"code":"162415","name":"华宝标普美国消费人民币","danweijingzhi":1.166,"leijijingzhi":1.166,"day":1.0399,"week":0.0858,"month":2.3705,"month3":6.484,"halfyear":10.4167,"year":0.0,"year2":0.0,"year3":0.0,"year5":0.0,"thisyear":5.9037,"founded":16.6},{"code":"501018","name":"南方原油","danweijingzhi":1.0272,"leijijingzhi":1.0272,"day":0.1462,"week":0.8542,"month":-0.8398,"month3":0.7256,"halfyear":13.2525,"year":0.0,"year2":0.0,"year3":0.0,"year5":0.0,"thisyear":-3.7481,"founded":2.72},{"code":"002401","name":"南方亚洲美元债人民币C","danweijingzhi":1.1035,"leijijingzhi":1.1035,"day":0.0998,"week":0.2089,"month":1.2943,"month3":1.434,"halfyear":3.4887,"year":0.0,"year2":0.0,"year3":0.0,"year5":0.0,"thisyear":0.4735,"founded":10.35},{"code":"161229","name":"国投瑞银中国价值发现股票","danweijingzhi":1.224,"leijijingzhi":1.274,"day":0.8237,"week":-0.9709,"month":3.1171,"month3":4.2589,"halfyear":4.7049,"year":27.1096,"year2":0.0,"year3":0.0,"year5":0.0,"thisyear":7.3685,"founded":28.5078},{"code":"002379","name":"工银香港中小盘人民币","danweijingzhi":1.181,"leijijingzhi":1.181,"day":0.682,"week":-1.0888,"month":3.9613,"month3":3.5057,"halfyear":7.6572,"year":0.0,"year2":0.0,"year3":0.0,"year5":0.0,"thisyear":8.4481,"founded":18.1},{"code":"164906","name":"交银中证海外中国互联网指数","danweijingzhi":1.062,"leijijingzhi":1.062,"day":1.2393,"week":-0.8403,"month":5.7769,"month3":9.0349,"halfyear":5.0445,"year":24.5018,"year2":0.0,"year3":0.0,"year5":0.0,"thisyear":13.7045,"founded":6.2},{"code":"003463","name":"泰达宏利亚洲债券(QDII)A","danweijingzhi":1.0186,"leijijingzhi":1.0186,"day":-0.0687,"week":-0.0589,"month":1.4239,"month3":1.5655,"halfyear":0.0,"year":0.0,"year2":0.0,"year3":0.0,"year5":0.0,"thisyear":0.8415,"founded":1.86},{"code":"003464","name":"泰达宏利亚洲债券(QDII)C","danweijingzhi":1.0171,"leijijingzhi":1.0171,"day":-0.0688,"week":-0.059,"month":1.3856,"month3":1.4665,"halfyear":0.0,"year":0.0,"year2":0.0,"year3":0.0,"year5":0.0,"thisyear":0.7728,"founded":1.71},{"code":"000934","name":"国富大中华精选混合","danweijingzhi":1.06,"leijijingzhi":1.06,"day":-0.0943,"week":-1.8519,"month":6.0,"month3":5.683,"halfyear":10.6472,"year":37.6623,"year2":7.179,"year3":0.0,"year5":0.0,"thisyear":10.8787,"founded":6.0},{"code":"003243","name":"上投摩根中国世纪人民币","danweijingzhi":1.046,"leijijingzhi":1.046,"day":0.3839,"week":-2.1515,"month":2.7505,"month3":3.9761,"halfyear":0.0,"year":0.0,"year2":0.0,"year3":0.0,"year5":0.0,"thisyear":5.5499,"founded":4.6},{"code":"161127","name":"易标普生物科技人民币","danweijingzhi":1.1061,"leijijingzhi":1.1061,"day":1.6636,"week":4.9033,"month":12.2716,"month3":0.0,"halfyear":0.0,"year":0.0,"year2":0.0,"year3":0.0,"year5":0.0,"thisyear":10.7651,"founded":10.61},{"code":"003629","name":"上投摩根全球多元配置人民币","danweijingzhi":1.039,"leijijingzhi":1.039,"day":0.8738,"week":0.2896,"month":2.2638,"month3":0.0,"halfyear":0.0,"year":0.0,"year2":0.0,"year3":0.0,"year5":0.0,"thisyear":4.004,"founded":3.9},{"code":"003321","name":"易方达原油C类人民币","danweijingzhi":0.9864,"leijijingzhi":0.9864,"day":0.1421,"week":0.0913,"month":-0.2427,"month3":0.0,"halfyear":0.0,"year":0.0,"year2":0.0,"year3":0.0,"year5":0.0,"thisyear":-1.0433,"founded":-1.36},{"code":"160922","name":"大成恒生综合中小型股指数","danweijingzhi":1.04,"leijijingzhi":1.04,"day":-0.2876,"week":-0.7634,"month":2.5641,"month3":4.0,"halfyear":0.0,"year":0.0,"year2":0.0,"year3":0.0,"year5":4.0,"thisyear":3.7924,"founded":4.0},{"code":"160923","name":"大成海外中国机会混合","danweijingzhi":1.012,"leijijingzhi":1.012,"day":0.2973,"week":-0.7843,"month":1.0989,"month3":0.0,"halfyear":0.0,"year":0.0,"year2":0.0,"year3":0.0,"year5":0.0,"thisyear":1.2,"founded":1.2},{"code":"161128","name":"易标普信息科技人民币","danweijingzhi":1.0497,"leijijingzhi":1.0497,"day":1.4399,"week":0.9521,"month":4.7814,"month3":0.0,"halfyear":0.0,"year":0.0,"year2":0.0,"year3":0.0,"year5":0.0,"thisyear":5.1066,"founded":4.97},{"code":"161126","name":"易方达标普医疗保健人民币","danweijingzhi":1.0743,"leijijingzhi":1.0743,"day":1.0155,"week":1.5023,"month":8.0241,"month3":7.43,"halfyear":0.0,"year":0.0,"year2":0.0,"year3":0.0,"year5":0.0,"thisyear":6.5457,"founded":7.43},{"code":"002891","name":"华夏移动互联混合人民币","danweijingzhi":1.002,"leijijingzhi":1.002,"day":0.2,"week":-0.3976,"month":0.9063,"month3":0.0,"halfyear":0.0,"year":0.0,"year2":0.0,"year3":0.0,"year5":0.0,"thisyear":0.3003,"founded":0.2},{"code":"000988","name":"嘉实全球互联网股票人民币","danweijingzhi":1.129,"leijijingzhi":1.129,"day":1.4376,"week":-0.7036,"month":6.409,"month3":6.3089,"halfyear":7.3194,"year":35.8604,"year2":0.0,"year3":0.0,"year5":0.0,"thisyear":9.1876,"founded":12.9},{"code":"161125","name":"易方达标普500指数人民币","danweijingzhi":1.0429,"leijijingzhi":1.0429,"day":1.3508,"week":1.2819,"month":4.1338,"month3":0.0,"halfyear":0.0,"year":0.0,"year2":0.0,"year3":0.0,"year5":0.0,"thisyear":3.7299,"founded":4.29},{"code":"161124","name":"易方达香港恒生综合小型股指数","danweijingzhi":1.0464,"leijijingzhi":1.0464,"day":-0.2859,"week":-0.5229,"month":4.6191,"month3":3.2971,"halfyear":0.0,"year":0.0,"year2":0.0,"year3":0.0,"year5":4.64,"thisyear":5.9968,"founded":4.64},{"code":"161129","name":"易方达原油A类人民币","danweijingzhi":0.987,"leijijingzhi":0.987,"day":0.142,"week":0.1014,"month":-0.2123,"month3":0.0,"halfyear":0.0,"year":0.0,"year2":0.0,"year3":0.0,"year5":0.0,"thisyear":-0.9931,"founded":-1.3}]