[{"code":"163110","name":"申万量化小盘","danweijingzhi":2.7858,"leijijingzhi":2.7858,"day":-0.4325,"week":-0.2899,"month":3.8083,"month3":1.7458,"halfyear":7.1462,"year":30.1168,"year2":80.6615,"year3":159.6272,"year5":250.8564,"thisyear":4.1031,"founded":178.58},{"code":"160212","name":"国泰估值优势混合(LOF)","danweijingzhi":2.304,"leijijingzhi":2.304,"day":-0.6897,"week":-0.346,"month":3.0872,"month3":1.1858,"halfyear":-0.2597,"year":32.4899,"year2":92.4812,"year3":141.5094,"year5":171.6981,"thisyear":4.3006,"founded":130.4},{"code":"163415","name":"兴全商业模式优选混合","danweijingzhi":1.377,"leijijingzhi":2.237,"day":-0.2896,"week":0.0,"month":2.9148,"month3":-3.5038,"halfyear":-3.3519,"year":22.2534,"year2":44.0663,"year3":135.3035,"year5":137.4212,"thisyear":0.4376,"founded":137.4212},{"code":"163001","name":"长信医疗保健混合(LOF)","danweijingzhi":0.974,"leijijingzhi":1.514,"day":-0.5107,"week":-0.7135,"month":2.4185,"month3":-4.6033,"halfyear":-3.1809,"year":14.8586,"year2":26.078,"year3":125.468,"year5":87.6617,"thisyear":0.2058,"founded":54.4456},{"code":"160505","name":"博时主题行业混合(LOF)","danweijingzhi":1.62,"leijijingzhi":5.153,"day":-0.369,"week":-1.1592,"month":1.5674,"month3":0.3992,"halfyear":2.8468,"year":17.1229,"year2":21.2775,"year3":123.3331,"year5":134.0994,"thisyear":3.4127,"founded":980.4429},{"code":"160215","name":"国泰价值经典混合(LOF)","danweijingzhi":1.545,"leijijingzhi":1.825,"day":0.5205,"week":-0.3869,"month":6.4783,"month3":4.8168,"halfyear":6.5629,"year":32.8735,"year2":45.5867,"year3":121.7161,"year5":142.8319,"thisyear":6.3317,"founded":88.6804},{"code":"160211","name":"国泰中小盘成长混合(LOF)","danweijingzhi":2.804,"leijijingzhi":3.348,"day":-0.673,"week":-0.3199,"month":2.8613,"month3":0.9359,"halfyear":-0.9187,"year":31.3349,"year2":70.6634,"year3":118.2101,"year5":243.2069,"thisyear":4.1218,"founded":180.4},{"code":"160716","name":"嘉实基本面50","danweijingzhi":1.264,"leijijingzhi":1.264,"day":-0.7382,"week":-1.2731,"month":0.5969,"month3":-1.4732,"halfyear":10.1525,"year":24.0675,"year2":20.5532,"year3":116.3272,"year5":87.3981,"thisyear":4.1701,"founded":26.4},{"code":"160512","name":"博时卓越品牌混合(LOF)","danweijingzhi":2.377,"leijijingzhi":2.547,"day":0.2108,"week":-0.0841,"month":1.8423,"month3":-0.9996,"halfyear":10.3529,"year":37.3988,"year2":58.9967,"year3":112.3498,"year5":186.3586,"thisyear":-1.5327,"founded":159.4409},{"code":"160916","name":"大成优选混合(LOF)","danweijingzhi":2.253,"leijijingzhi":1.772,"day":-0.3097,"week":-0.9235,"month":2.4091,"month3":-1.2708,"halfyear":3.9207,"year":23.0475,"year2":28.5959,"year3":111.7481,"year5":125.3,"thisyear":2.1769,"founded":125.3},{"code":"166009","name":"中欧新动力混合(LOF)A","danweijingzhi":2.0421,"leijijingzhi":2.5431,"day":-0.254,"week":-0.4242,"month":1.7742,"month3":1.0391,"halfyear":2.4634,"year":21.8777,"year2":45.6367,"year3":108.8189,"year5":207.1429,"thisyear":2.5665,"founded":154.5293},{"code":"161219","name":"国投瑞银新兴产业","danweijingzhi":1.219,"leijijingzhi":2.273,"day":0.7438,"week":1.5833,"month":5.3587,"month3":-0.4898,"halfyear":3.7447,"year":14.5197,"year2":54.7065,"year3":100.3527,"year5":169.27,"thisyear":1.1618,"founded":172.232},{"code":"161903","name":"万家行业优选混合(LOF)","danweijingzhi":0.9256,"leijijingzhi":2.6134,"day":0.1082,"week":0.4231,"month":4.1053,"month3":0.4667,"halfyear":6.7466,"year":18.17,"year2":63.1235,"year3":100.1914,"year5":75.2551,"thisyear":3.3959,"founded":243.7588},{"code":"163402","name":"兴全趋势投资混合(LOF)","danweijingzhi":1.014,"leijijingzhi":8.758,"day":-0.1477,"week":-0.0493,"month":3.1221,"month3":0.9391,"halfyear":4.4922,"year":17.0295,"year2":30.005,"year3":98.8325,"year5":123.0434,"thisyear":3.1221,"founded":1121.0208},{"code":"161810","name":"银华内需精选混合(LOF)","danweijingzhi":1.626,"leijijingzhi":1.546,"day":-0.1229,"week":-1.0949,"month":0.9938,"month3":-4.3529,"halfyear":-4.8009,"year":6.5531,"year2":34.6026,"year3":98.2927,"year5":148.6239,"thisyear":-1.0949,"founded":62.6},{"code":"166001","name":"中欧新趋势混合(LOF)A","danweijingzhi":1.061,"leijijingzhi":1.753,"day":-0.497,"week":-0.8041,"month":2.9497,"month3":1.9461,"halfyear":3.3429,"year":15.2151,"year2":44.5197,"year3":97.8193,"year5":141.9954,"thisyear":3.1098,"founded":83.7106},{"code":"166011","name":"中欧盛世成长混合(LOF)A","danweijingzhi":1.201,"leijijingzhi":2.43,"day":-0.4229,"week":-0.752,"month":1.5387,"month3":-2.9887,"halfyear":-2.0391,"year":6.9457,"year2":40.3902,"year3":95.4187,"year5":197.4272,"thisyear":-0.7438,"founded":197.4272},{"code":"161017","name":"富国中证500","danweijingzhi":2.116,"leijijingzhi":2.116,"day":-0.5172,"week":-0.6573,"month":3.2195,"month3":0.0,"halfyear":4.8044,"year":23.7427,"year2":22.2415,"year3":94.8435,"year5":139.096,"thisyear":3.6239,"founded":111.6},{"code":"163412","name":"兴全轻资产混合(LOF)","danweijingzhi":2.566,"leijijingzhi":3.63,"day":0.1561,"week":0.1561,"month":2.7633,"month3":-3.7509,"halfyear":-2.6555,"year":13.1393,"year2":61.5566,"year3":93.5368,"year5":258.8173,"thisyear":0.3127,"founded":258.8173},{"code":"163407","name":"兴全沪深300指数(LOF)","danweijingzhi":1.4505,"leijijingzhi":1.4505,"day":-0.6507,"week":-0.8273,"month":1.1013,"month3":-0.7798,"halfyear":7.556,"year":24.6134,"year2":14.8547,"year3":92.374,"year5":75.9675,"thisyear":3.9859,"founded":45.05},{"code":"165516","name":"信诚周期轮动混合(LOF)","danweijingzhi":2.368,"leijijingzhi":2.368,"day":-0.4624,"week":0.9808,"month":3.9965,"month3":-1.1686,"halfyear":0.4667,"year":14.3409,"year2":20.9397,"year3":90.3537,"year5":136.8,"thisyear":2.7778,"founded":136.8},{"code":"160613","name":"鹏华盛世创新混合(LOF)","danweijingzhi":1.358,"leijijingzhi":2.255,"day":-0.3668,"week":-0.5856,"month":2.9568,"month3":-0.6584,"halfyear":4.1411,"year":23.3424,"year2":28.5082,"year3":87.1156,"year5":121.1881,"thisyear":2.8009,"founded":158.3676},{"code":"161907","name":"万家中证红利指数","danweijingzhi":1.5013,"leijijingzhi":1.5013,"day":-0.5959,"week":-1.1457,"month":1.9489,"month3":-0.6748,"halfyear":5.6138,"year":18.2685,"year2":18.8866,"year3":87.008,"year5":74.2658,"thisyear":4.5182,"founded":50.13},{"code":"161005","name":"富国天惠成长精选","danweijingzhi":1.6974,"leijijingzhi":4.3854,"day":-0.4165,"week":-0.5507,"month":2.9538,"month3":-1.7253,"halfyear":0.4379,"year":16.9814,"year2":20.6027,"year3":85.3682,"year5":137.0033,"thisyear":2.0685,"founded":815.551},{"code":"164302","name":"新华惠鑫债券","danweijingzhi":1.0027,"leijijingzhi":1.0027,"day":-0.01,"week":0.0599,"month":0.27,"month3":0.5545,"halfyear":1.8259,"year":7.1851,"year2":30.6159,"year3":82.3041,"year5":83.7625,"thisyear":0.7261,"founded":83.7625},{"code":"160607","name":"鹏华价值优势混合(LOF)","danweijingzhi":0.692,"leijijingzhi":3.777,"day":0.4354,"week":0.7278,"month":4.5317,"month3":0.8746,"halfyear":4.8485,"year":17.4873,"year2":10.7522,"year3":80.936,"year5":76.8385,"thisyear":3.9039,"founded":330.5037},{"code":"161115","name":"易方达岁丰添利债券(LOF)","danweijingzhi":1.748,"leijijingzhi":1.892,"day":-0.0572,"week":0.0,"month":-0.1713,"month3":-0.5688,"halfyear":-0.6818,"year":1.3334,"year2":17.7898,"year3":77.282,"year5":93.0453,"thisyear":0.172,"founded":101.0399},{"code":"160615","name":"鹏华沪深300","danweijingzhi":1.362,"leijijingzhi":1.422,"day":-0.5839,"week":-1.0175,"month":1.7937,"month3":-1.0175,"halfyear":6.1575,"year":19.2645,"year2":2.406,"year3":71.3207,"year5":53.0338,"thisyear":4.528,"founded":42.6094},{"code":"160105","name":"南方积极配置混合(LOF)","danweijingzhi":1.0055,"leijijingzhi":3.1081,"day":-0.4554,"week":-0.3271,"month":3.5424,"month3":-1.7491,"halfyear":-1.1599,"year":17.5886,"year2":22.5422,"year3":69.9687,"year5":92.6007,"thisyear":3.3827,"founded":421.6755},{"code":"162510","name":"国联安双力中小板综指","danweijingzhi":1.064,"leijijingzhi":1.852,"day":-0.3745,"week":-0.4677,"month":2.3077,"month3":-2.8311,"halfyear":-1.4815,"year":12.1111,"year2":20.6658,"year3":69.352,"year5":92.6237,"thisyear":1.0446,"founded":92.6237},{"code":"165512","name":"信诚新机遇混合(LOF)","danweijingzhi":2.156,"leijijingzhi":2.156,"day":-0.4157,"week":-0.8736,"month":2.4228,"month3":-2.5316,"halfyear":0.5128,"year":12.1165,"year2":18.2666,"year3":66.744,"year5":152.459,"thisyear":-0.1852,"founded":115.6},{"code":"162307","name":"海富通中证100","danweijingzhi":1.044,"leijijingzhi":1.044,"day":-0.666,"week":-1.4164,"month":0.2882,"month3":-2.974,"halfyear":4.0877,"year":14.7253,"year2":-0.8547,"year3":66.5072,"year5":43.4066,"thisyear":3.3663,"founded":4.4},{"code":"160119","name":"南方中证500ETF联接A","danweijingzhi":1.57,"leijijingzhi":1.67,"day":-0.4628,"week":-0.5574,"month":3.208,"month3":-1.3075,"halfyear":1.2707,"year":13.2185,"year2":9.0278,"year3":65.6087,"year5":92.1307,"thisyear":2.5273,"founded":71.4772},{"code":"160706","name":"嘉实沪深300ETF联接","danweijingzhi":0.9768,"leijijingzhi":2.8448,"day":-0.6307,"week":-1.0435,"month":1.2963,"month3":-2.5636,"halfyear":3.6502,"year":14.2991,"year2":-0.4078,"year3":62.8814,"year5":48.1571,"thisyear":3.5404,"founded":273.9429},{"code":"160616","name":"鹏华中证500","danweijingzhi":1.33,"leijijingzhi":1.33,"day":-0.5236,"week":-0.4491,"month":3.8251,"month3":0.2261,"halfyear":3.7441,"year":15.8537,"year2":6.8273,"year3":62.1951,"year5":87.3239,"thisyear":3.6633,"founded":33.0},{"code":"166006","name":"中欧行业成长混合(LOF)A","danweijingzhi":1.0257,"leijijingzhi":1.1897,"day":0.1367,"week":-0.6201,"month":2.683,"month3":-0.3885,"halfyear":2.3558,"year":15.7915,"year2":10.7688,"year3":62.187,"year5":47.2107,"thisyear":4.0897,"founded":19.7219},{"code":"166007","name":"中欧沪深300指数增强A","danweijingzhi":1.2197,"leijijingzhi":1.2647,"day":-0.5787,"week":-1.0225,"month":1.5063,"month3":-1.914,"halfyear":4.0789,"year":15.754,"year2":-2.4864,"year3":60.4023,"year5":48.4181,"thisyear":3.7777,"founded":27.2669},{"code":"165309","name":"建信沪深300","danweijingzhi":1.0291,"leijijingzhi":1.0291,"day":-0.6085,"week":-0.9814,"month":1.3792,"month3":-2.4919,"halfyear":3.1886,"year":14.1795,"year2":-2.658,"year3":59.5504,"year5":43.1293,"thisyear":3.4895,"founded":2.91},{"code":"165517","name":"信诚双盈债券(LOF)","danweijingzhi":0.745,"leijijingzhi":1.145,"day":0.0,"week":0.0,"month":0.1344,"month3":0.5398,"halfyear":1.6084,"year":4.0035,"year2":19.1476,"year3":59.1604,"year5":95.6346,"thisyear":0.4043,"founded":95.6346},{"code":"161607","name":"融通巨潮100","danweijingzhi":1.06,"leijijingzhi":2.574,"day":-0.656,"week":-1.6698,"month":0.3788,"month3":-3.1079,"halfyear":5.2632,"year":16.8688,"year2":-3.3728,"year3":59.1592,"year5":37.1281,"thisyear":3.6168,"founded":250.2715},{"code":"165313","name":"建信优势动力混合(LOF)","danweijingzhi":1.372,"leijijingzhi":1.372,"day":-0.3631,"week":-0.5076,"month":2.2355,"month3":-2.9703,"halfyear":1.3294,"year":15.7806,"year2":1.5544,"year3":57.7011,"year5":37.2,"thisyear":-0.1456,"founded":37.2},{"code":"165508","name":"信诚深度价值混合(LOF)","danweijingzhi":1.771,"leijijingzhi":1.771,"day":-0.4497,"week":-1.1167,"month":1.6064,"month3":-1.6111,"halfyear":2.4884,"year":14.2581,"year2":8.3843,"year3":56.1728,"year5":123.8938,"thisyear":3.085,"founded":77.1},{"code":"164105","name":"华富强化债券","danweijingzhi":1.217,"leijijingzhi":1.668,"day":0.0,"week":-0.0821,"month":-0.0821,"month3":0.1646,"halfyear":1.8894,"year":5.1761,"year2":16.1909,"year3":55.714,"year5":74.3722,"thisyear":0.3297,"founded":71.0591},{"code":"160106","name":"南方高增长混合(LOF)","danweijingzhi":1.267,"leijijingzhi":3.749,"day":-0.3382,"week":-1.3854,"month":1.9554,"month3":-3.7256,"halfyear":-1.4865,"year":14.297,"year2":6.5999,"year3":55.4797,"year5":109.1048,"thisyear":0.091,"founded":568.0807},{"code":"160915","name":"大成景丰债券(LOF)","danweijingzhi":1.108,"leijijingzhi":1.643,"day":0.0,"week":0.0903,"month":-0.0902,"month3":-1.5986,"halfyear":-2.4648,"year":-0.8945,"year2":15.4023,"year3":55.0647,"year5":67.5121,"thisyear":0.4533,"founded":62.4867},{"code":"161213","name":"国投瑞银消费服务指数","danweijingzhi":1.368,"leijijingzhi":1.368,"day":-0.5814,"week":-0.5091,"month":2.9345,"month3":-1.3699,"halfyear":3.012,"year":19.685,"year2":8.4853,"year3":54.9264,"year5":75.6098,"thisyear":3.3233,"founded":36.8},{"code":"160807","name":"长盛沪深300","danweijingzhi":1.137,"leijijingzhi":1.187,"day":-0.6119,"week":-1.1305,"month":1.0666,"month3":-3.1516,"halfyear":2.4324,"year":12.9096,"year2":-4.2123,"year3":54.9046,"year5":37.8182,"thisyear":2.9891,"founded":19.6342},{"code":"164210","name":"天弘同利债券(LOF)","danweijingzhi":0.995,"leijijingzhi":1.504,"day":0.0,"week":0.0,"month":-0.3006,"month3":-0.7976,"halfyear":4.032,"year":7.9549,"year2":32.5065,"year3":54.512,"year5":55.9026,"thisyear":0.1006,"founded":55.9026},{"code":"164703","name":"汇添富纯债债券(LOF)","danweijingzhi":1.004,"leijijingzhi":1.552,"day":0.0,"week":0.0,"month":0.0997,"month3":0.1996,"halfyear":1.7901,"year":5.6387,"year2":31.4418,"year3":54.1798,"year5":57.2634,"thisyear":0.1996,"founded":57.2634},{"code":"161626","name":"融通通福债券(LOF)A","danweijingzhi":1.0,"leijijingzhi":1.592,"day":0.0,"week":0.0,"month":0.0,"month3":0.5788,"halfyear":0.7732,"year":4.2676,"year2":27.7643,"year3":53.9158,"year5":57.148,"thisyear":0.4016,"founded":57.148},{"code":"160314","name":"华夏行业混合(LOF)","danweijingzhi":1.025,"leijijingzhi":6.165,"day":0.0,"week":0.1955,"month":3.9554,"month3":0.0977,"halfyear":0.9852,"year":10.4526,"year2":12.004,"year3":53.8318,"year5":103.4561,"thisyear":3.4309,"founded":60.9338},{"code":"160311","name":"华夏蓝筹","danweijingzhi":1.317,"leijijingzhi":4.575,"day":-0.3782,"week":-0.5287,"month":3.2132,"month3":0.9195,"halfyear":1.542,"year":11.4213,"year2":9.2946,"year3":53.3179,"year5":86.8086,"thisyear":4.9403,"founded":82.5841},{"code":"162711","name":"广发中证500ETF联接A","danweijingzhi":1.351,"leijijingzhi":1.351,"day":-0.4495,"week":-0.5081,"month":3.1928,"month3":-1.1198,"halfyear":1.5408,"year":11.5515,"year2":1.8009,"year3":52.9838,"year5":78.4676,"thisyear":2.6752,"founded":35.1},{"code":"160806","name":"长盛同庆中证800(LOF)","danweijingzhi":1.279,"leijijingzhi":1.176,"day":-0.5443,"week":-0.9295,"month":1.6693,"month3":-2.5895,"halfyear":1.9123,"year":12.8861,"year2":-2.959,"year3":52.2812,"year5":41.7563,"thisyear":2.9791,"founded":19.7841},{"code":"163409","name":"兴全绿色投资混合(LOF)","danweijingzhi":1.536,"leijijingzhi":2.216,"day":0.0651,"week":0.4578,"month":3.2258,"month3":-3.0303,"halfyear":-2.2279,"year":16.2755,"year2":9.2315,"year3":52.017,"year5":144.3432,"thisyear":0.1304,"founded":119.6645},{"code":"162107","name":"金鹰量化精选股票(LOF)","danweijingzhi":1.0354,"leijijingzhi":1.0354,"day":-0.0483,"week":0.8572,"month":4.2069,"month3":-0.9755,"halfyear":4.3119,"year":17.4447,"year2":5.0252,"year3":51.1714,"year5":67.0361,"thisyear":1.4601,"founded":67.0361},{"code":"163003","name":"长信利鑫债券(LOF)C","danweijingzhi":1.0145,"leijijingzhi":1.0145,"day":0.0,"week":0.0296,"month":0.0395,"month3":-0.4513,"halfyear":-0.3535,"year":2.8269,"year2":19.126,"year3":50.5172,"year5":72.8972,"thisyear":0.4158,"founded":79.7619},{"code":"165509","name":"信诚增强债券","danweijingzhi":1.106,"leijijingzhi":1.532,"day":-0.0903,"week":0.0,"month":-0.4501,"month3":-1.8471,"halfyear":-0.8133,"year":1.1312,"year2":18.0364,"year3":48.1589,"year5":63.6143,"thisyear":0.0878,"founded":62.1418},{"code":"162712","name":"广发聚利债券(LOF)","danweijingzhi":1.4,"leijijingzhi":1.664,"day":0.0,"week":0.0715,"month":-0.1426,"month3":-1.0601,"halfyear":-2.439,"year":-0.0714,"year2":19.9843,"year3":44.2979,"year5":61.2105,"thisyear":0.2148,"founded":72.5112},{"code":"163005","name":"长信利众债券(LOF)C","danweijingzhi":0.8159,"leijijingzhi":1.0259,"day":-0.0245,"week":0.0368,"month":0.0,"month3":-0.9229,"halfyear":-1.2227,"year":1.6648,"year2":18.0278,"year3":44.1764,"year5":42.1308,"thisyear":0.2704,"founded":42.1308},{"code":"161216","name":"国投瑞银双债债券(LOF)A","danweijingzhi":1.028,"leijijingzhi":1.527,"day":0.0,"week":0.0974,"month":0.0974,"month3":-2.5279,"halfyear":-0.9662,"year":2.0145,"year2":9.6556,"year3":43.2128,"year5":63.5241,"thisyear":0.4888,"founded":63.6876},{"code":"160415","name":"华安深证300","danweijingzhi":1.221,"leijijingzhi":1.221,"day":-0.4078,"week":-0.7317,"month":2.8644,"month3":-5.0544,"halfyear":-2.864,"year":6.8241,"year2":-6.0769,"year3":43.1419,"year5":39.7025,"thisyear":2.1757,"founded":22.1},{"code":"164206","name":"天弘添利债券(LOF)","danweijingzhi":1.041,"leijijingzhi":1.534,"day":0.0,"week":0.0,"month":0.0,"month3":0.1925,"halfyear":0.1925,"year":2.4607,"year2":20.1359,"year3":41.7243,"year5":62.0856,"thisyear":0.5797,"founded":67.5993},{"code":"160621","name":"鹏华丰和债券(LOF)","danweijingzhi":1.055,"leijijingzhi":1.397,"day":0.0,"week":0.1899,"month":-0.3777,"month3":-1.9516,"halfyear":-2.8545,"year":2.0114,"year2":12.8849,"year3":40.9892,"year5":41.6941,"thisyear":-0.1892,"founded":41.6941},{"code":"165806","name":"东吴深证100增强","danweijingzhi":1.118,"leijijingzhi":1.118,"day":-0.3565,"week":-0.7986,"month":2.9466,"month3":-5.5743,"halfyear":-3.7037,"year":6.9856,"year2":-8.4357,"year3":40.6289,"year5":11.8,"thisyear":2.9466,"founded":11.8},{"code":"164814","name":"工银双债增强债券","danweijingzhi":1.014,"leijijingzhi":1.39,"day":-0.0985,"week":-0.1968,"month":0.4955,"month3":-1.8598,"halfyear":-0.7387,"year":2.5325,"year2":11.2191,"year3":39.7643,"year5":42.0005,"thisyear":0.7457,"founded":42.0005},{"code":"164208","name":"天弘丰利分级债券(LOF)","danweijingzhi":1.1227,"leijijingzhi":1.6462,"day":0.0,"week":0.0446,"month":0.1606,"month3":-0.3108,"halfyear":-0.2488,"year":1.7491,"year2":10.2307,"year3":39.5485,"year5":0.0,"thisyear":0.3665,"founded":67.288},{"code":"160610","name":"鹏华动力增长","danweijingzhi":1.029,"leijijingzhi":1.849,"day":0.7835,"week":2.388,"month":5.3224,"month3":1.3793,"halfyear":3.4171,"year":17.8694,"year2":6.6377,"year3":38.7854,"year5":54.3351,"thisyear":4.1498,"founded":102.8683},{"code":"160910","name":"大成创新成长混合","danweijingzhi":0.933,"leijijingzhi":2.173,"day":-0.2139,"week":-0.7447,"month":1.634,"month3":-0.2793,"halfyear":1.0825,"year":8.6123,"year2":-7.0237,"year3":38.4612,"year5":36.111,"thisyear":0.6595,"founded":-3.7695},{"code":"162105","name":"金鹰持久增利债券(LOF)C","danweijingzhi":1.0794,"leijijingzhi":1.4451,"day":-0.2495,"week":-0.314,"month":0.4748,"month3":-0.7813,"halfyear":-0.1757,"year":1.7438,"year2":11.6259,"year3":38.0414,"year5":53.4925,"thisyear":0.9162,"founded":53.4925},{"code":"161217","name":"国投瑞银中证指数","danweijingzhi":0.683,"leijijingzhi":0.683,"day":-0.292,"week":-1.1577,"month":2.3988,"month3":3.6419,"halfyear":11.784,"year":20.6714,"year2":-2.4286,"year3":36.0558,"year5":-21.9429,"thisyear":8.9314,"founded":-31.7},{"code":"165807","name":"东吴鼎利债券(LOF)","danweijingzhi":1.027,"leijijingzhi":1.323,"day":0.0,"week":0.0975,"month":-0.0973,"month3":-0.773,"halfyear":0.293,"year":4.4603,"year2":25.6958,"year3":35.2954,"year5":33.0701,"thisyear":0.391,"founded":33.0701},{"code":"164902","name":"交银信用添利债券(LOF)","danweijingzhi":1.355,"leijijingzhi":1.466,"day":0.0,"week":0.0,"month":0.0738,"month3":-0.7326,"halfyear":-0.587,"year":1.5742,"year2":16.9111,"year3":35.2295,"year5":52.5367,"thisyear":0.3704,"founded":50.5537},{"code":"163302","name":"大摩资源优选混合(LOF)","danweijingzhi":1.2802,"leijijingzhi":3.9532,"day":-0.4897,"week":-1.3485,"month":2.1056,"month3":1.5414,"halfyear":6.6235,"year":15.6922,"year2":11.8449,"year3":34.1629,"year5":54.4483,"thisyear":3.3664,"founded":694.2772},{"code":"164808","name":"工银四季收益债券(LOF)","danweijingzhi":0.991,"leijijingzhi":1.527,"day":0.0,"week":0.0,"month":-0.2014,"month3":-1.491,"halfyear":-1.6984,"year":0.8445,"year2":10.1158,"year3":33.9896,"year5":57.011,"thisyear":-0.2014,"founded":63.3641},{"code":"161706","name":"招商优质成长混合(LOF)","danweijingzhi":1.3743,"leijijingzhi":3.2846,"day":-0.5068,"week":-1.5826,"month":0.8365,"month3":-3.7268,"halfyear":-7.0288,"year":-2.6355,"year2":-3.8615,"year3":33.3236,"year5":33.1686,"thisyear":-0.8441,"founded":362.1352},{"code":"166008","name":"中欧增强回报债券(LOF)A","danweijingzhi":1.0149,"leijijingzhi":1.4143,"day":-0.0296,"week":0.2469,"month":-0.1476,"month3":-1.2167,"halfyear":-1.7972,"year":0.9052,"year2":13.0853,"year3":33.2968,"year5":48.0017,"thisyear":0.1381,"founded":47.5414},{"code":"162703","name":"广发小盘成长混合(LOF)","danweijingzhi":1.1497,"leijijingzhi":3.4877,"day":-0.4244,"week":-0.8794,"month":2.7711,"month3":2.2956,"halfyear":1.2149,"year":9.7202,"year2":-1.1656,"year3":32.7458,"year5":35.2636,"thisyear":4.1395,"founded":387.5889},{"code":"161010","name":"富国天丰强化债券(LOF)","danweijingzhi":1.051,"leijijingzhi":1.635,"day":-1.3146,"week":-1.4995,"month":-1.5918,"month3":-3.2139,"halfyear":-3.2168,"year":-1.4394,"year2":14.8393,"year3":32.5405,"year5":39.1626,"thisyear":-1.0389,"founded":80.9335},{"code":"164812","name":"工银政府债纯债债券(LOF)A","danweijingzhi":0.9746,"leijijingzhi":1.1816,"day":-0.0615,"week":-0.1536,"month":0.4846,"month3":-2.5887,"halfyear":-4.0748,"year":-2.3757,"year2":0.5049,"year3":32.3746,"year5":18.1041,"thisyear":-2.3838,"founded":18.1041},{"code":"161716","name":"招商双债增强债券(LOF)","danweijingzhi":1.084,"leijijingzhi":1.223,"day":0.0,"week":0.0923,"month":0.2775,"month3":0.3703,"halfyear":0.1848,"year":4.8356,"year2":8.3999,"year3":32.2139,"year5":26.3797,"thisyear":0.5566,"founded":26.3797},{"code":"162308","name":"海富通稳进增利债券(LOF)","danweijingzhi":1.103,"leijijingzhi":1.572,"day":-0.0906,"week":-0.2713,"month":-0.181,"month3":-0.8985,"halfyear":0.364,"year":3.1825,"year2":6.8226,"year3":32.2053,"year5":53.3169,"thisyear":-0.0906,"founded":57.4565},{"code":"162511","name":"国联安双佳信用债券(LOF)","danweijingzhi":1.105,"leijijingzhi":1.105,"day":0.0,"week":-0.0905,"month":-0.1807,"month3":-1.3393,"halfyear":-1.3393,"year":2.4096,"year2":13.4764,"year3":32.1618,"year5":41.0244,"thisyear":-0.1807,"founded":41.0244},{"code":"160617","name":"鹏华丰润债券(LOF)","danweijingzhi":0.999,"leijijingzhi":1.457,"day":-0.1,"week":-0.1,"month":-0.3988,"month3":-1.7699,"halfyear":-2.428,"year":1.1412,"year2":8.8511,"year3":31.2237,"year5":46.0071,"thisyear":-0.8929,"founded":50.4018},{"code":"166016","name":"中欧纯债债券(LOF)C","danweijingzhi":1.288,"leijijingzhi":1.326,"day":0.0,"week":0.1555,"month":-0.0776,"month3":-2.4981,"halfyear":-3.3033,"year":-1.4327,"year2":12.0661,"year3":31.1008,"year5":39.0323,"thisyear":0.0777,"founded":39.0323},{"code":"160618","name":"鹏华丰泽债券(LOF)","danweijingzhi":1.132,"leijijingzhi":1.497,"day":0.0,"week":0.0,"month":0.0884,"month3":0.7117,"halfyear":0.6222,"year":2.3508,"year2":11.5271,"year3":30.8416,"year5":48.5959,"thisyear":0.3546,"founded":51.122},{"code":"160622","name":"鹏华丰利债券(LOF)","danweijingzhi":0.988,"leijijingzhi":1.202,"day":0.0,"week":0.0,"month":0.0,"month3":-1.4955,"halfyear":-0.9294,"year":2.7363,"year2":15.4037,"year3":30.5887,"year5":19.2275,"thisyear":0.2028,"founded":19.2275},{"code":"163907","name":"中海惠裕纯债发起式","danweijingzhi":1.032,"leijijingzhi":1.322,"day":0.0,"week":0.097,"month":0.097,"month3":-0.0968,"halfyear":0.0,"year":1.7752,"year2":13.4411,"year3":30.4136,"year5":34.0557,"thisyear":0.8798,"founded":34.0557},{"code":"161015","name":"富国天盈债券(LOF)","danweijingzhi":0.914,"leijijingzhi":1.548,"day":0.0,"week":0.0,"month":0.0,"month3":-0.6522,"halfyear":0.1095,"year":2.6966,"year2":9.3301,"year3":30.0424,"year5":50.8389,"thisyear":0.3293,"founded":55.2422},{"code":"162215","name":"泰达宏利聚利债券(LOF)","danweijingzhi":1.008,"leijijingzhi":1.534,"day":-0.0991,"week":-0.0991,"month":-0.3953,"month3":-0.9823,"halfyear":-1.4663,"year":0.8,"year2":7.5153,"year3":29.4905,"year5":49.1409,"thisyear":0.0,"founded":53.3168},{"code":"161614","name":"融通四季添利债券(LOF)","danweijingzhi":1.042,"leijijingzhi":1.343,"day":0.0,"week":0.0,"month":0.1923,"month3":0.2887,"halfyear":1.0694,"year":3.5247,"year2":11.8456,"year3":28.011,"year5":38.2725,"thisyear":0.3854,"founded":38.2725},{"code":"162108","name":"金鹰元盛债券型发起式C","danweijingzhi":1.079,"leijijingzhi":1.141,"day":-0.2773,"week":-0.2773,"month":-0.553,"month3":-2.0871,"halfyear":-2.3529,"year":-0.553,"year2":9.2593,"year3":28.0066,"year5":15.4749,"thisyear":-0.736,"founded":15.4749},{"code":"161813","name":"银华信用债券(LOF)","danweijingzhi":1.263,"leijijingzhi":1.448,"day":0.0,"week":0.0,"month":-0.237,"month3":-1.1737,"halfyear":-1.8648,"year":0.0,"year2":10.5955,"year3":26.9347,"year5":40.8295,"thisyear":-0.0791,"founded":50.8777},{"code":"161820","name":"银华纯债信用债券","danweijingzhi":1.068,"leijijingzhi":1.312,"day":-0.0935,"week":0.0,"month":-0.2801,"month3":-0.6944,"halfyear":-1.5935,"year":1.0161,"year2":11.8413,"year3":26.5371,"year5":33.525,"thisyear":0.0937,"founded":33.525},{"code":"161908","name":"万家添利债券(LOF)","danweijingzhi":0.8914,"leijijingzhi":1.4895,"day":0.0561,"week":0.101,"month":-0.1345,"month3":-1.9793,"halfyear":-2.0763,"year":-0.0436,"year2":6.8001,"year3":26.2473,"year5":52.9991,"thisyear":0.0786,"founded":52.9991},{"code":"160220","name":"国泰民益混合(LOF)A","danweijingzhi":1.286,"leijijingzhi":1.286,"day":-0.0777,"week":-0.0777,"month":0.0,"month3":-1.2289,"halfyear":-1.5314,"year":0.9419,"year2":9.6334,"year3":26.0784,"year5":28.6,"thisyear":0.1558,"founded":28.6},{"code":"160805","name":"长盛同智优势","danweijingzhi":0.8499,"leijijingzhi":2.4301,"day":-0.1527,"week":-0.4568,"month":2.484,"month3":1.4079,"halfyear":2.8561,"year":-6.4914,"year2":-17.3417,"year3":25.3079,"year5":35.2908,"thisyear":2.6945,"founded":53.62},{"code":"166401","name":"浦银安盛稳健增利债券C","danweijingzhi":1.03,"leijijingzhi":1.065,"day":0.0,"week":0.0972,"month":0.0,"month3":0.0225,"halfyear":0.4943,"year":2.8224,"year2":6.6306,"year3":24.4668,"year5":39.1463,"thisyear":0.4878,"founded":40.3986},{"code":"161119","name":"易方达新综合债券A","danweijingzhi":1.2215,"leijijingzhi":1.2215,"day":-0.0164,"week":0.0491,"month":0.0901,"month3":-0.3995,"halfyear":-0.5455,"year":2.0383,"year2":12.8719,"year3":21.5665,"year5":22.15,"thisyear":0.5515,"founded":22.15},{"code":"160810","name":"长盛同丰债券(LOF)","danweijingzhi":1.188,"leijijingzhi":1.188,"day":0.0,"week":0.0842,"month":0.0,"month3":0.0,"halfyear":-0.4192,"year":1.3652,"year2":9.6953,"year3":21.2096,"year5":16.24,"thisyear":0.3378,"founded":16.24},{"code":"163503","name":"天治核心成长混合(LOF)","danweijingzhi":0.4762,"leijijingzhi":2.345,"day":-0.7089,"week":-0.8536,"month":1.6219,"month3":-3.6617,"halfyear":-2.6574,"year":-7.3122,"year2":-11.6673,"year3":21.0894,"year5":45.7636,"thisyear":2.4968,"founded":186.3132},{"code":"162006","name":"长城久富混合(LOF)","danweijingzhi":1.0617,"leijijingzhi":3.7275,"day":-0.2724,"week":-0.1692,"month":2.0866,"month3":-0.4625,"halfyear":-0.6254,"year":9.9277,"year2":-3.6547,"year3":18.8931,"year5":46.4683,"thisyear":2.8432,"founded":96.5545},{"code":"161821","name":"银华中证中票50指数债券A","danweijingzhi":1.21,"leijijingzhi":1.21,"day":0.0,"week":0.0827,"month":-0.2473,"month3":-0.6568,"halfyear":-1.7857,"year":0.6656,"year2":10.1001,"year3":18.5113,"year5":21.0,"thisyear":0.0,"founded":21.0},{"code":"161610","name":"融通领先成长混合(LOF)","danweijingzhi":0.867,"leijijingzhi":2.606,"day":-0.5734,"week":-1.0275,"month":0.0,"month3":-5.9653,"halfyear":-8.1568,"year":-3.0201,"year2":-5.6584,"year3":16.689,"year5":20.0831,"thisyear":-2.0339,"founded":0.0262},{"code":"166012","name":"中欧信用增利债券(LOF)C","danweijingzhi":1.0409,"leijijingzhi":1.2309,"day":-0.0288,"week":0.0576,"month":-0.1247,"month3":-1.8945,"halfyear":-2.6287,"year":-0.1056,"year2":4.1473,"year3":16.6363,"year5":29.7065,"thisyear":0.2021,"founded":29.7065},{"code":"160720","name":"嘉实中证中期企业债指数A","danweijingzhi":1.1115,"leijijingzhi":1.1699,"day":-0.045,"week":-0.009,"month":-0.6347,"month3":-2.0877,"halfyear":-3.4759,"year":-0.928,"year2":8.7751,"year3":16.065,"year5":16.7266,"thisyear":-0.3943,"founded":16.7266},{"code":"164606","name":"华泰柏瑞信用增利债","danweijingzhi":1.166,"leijijingzhi":1.217,"day":-0.0857,"week":-0.0856,"month":-0.427,"month3":-1.1026,"halfyear":-1.8519,"year":-1.1026,"year2":10.1039,"year3":14.4259,"year5":20.4514,"thisyear":-0.1712,"founded":22.6195},{"code":"162207","name":"泰达宏利效率优选混合","danweijingzhi":1.1338,"leijijingzhi":2.727,"day":-0.2463,"week":-0.0441,"month":3.3452,"month3":-2.1574,"halfyear":-1.8865,"year":6.9623,"year2":-14.08,"year3":14.0415,"year5":71.6059,"thisyear":1.196,"founded":172.6987},{"code":"160611","name":"鹏华优质治理混合(LOF)","danweijingzhi":0.881,"leijijingzhi":1.01,"day":-0.2265,"week":-0.3394,"month":2.8005,"month3":-4.7567,"halfyear":-3.6105,"year":5.8894,"year2":-4.7769,"year3":11.8345,"year5":14.0768,"thisyear":-0.6764,"founded":0.056},{"code":"166105","name":"信达澳银鑫安债券","danweijingzhi":0.951,"leijijingzhi":1.1,"day":0.0,"week":-0.1051,"month":-0.1051,"month3":-0.7307,"halfyear":-0.8342,"year":0.4224,"year2":-3.4065,"year3":11.366,"year5":9.2959,"thisyear":-0.3145,"founded":9.2959},{"code":"165705","name":"诺德双翼债券(LOF)","danweijingzhi":0.974,"leijijingzhi":1.2,"day":-0.1026,"week":-0.3071,"month":-0.5107,"month3":-3.277,"halfyear":-3.8499,"year":-2.7944,"year2":-2.5025,"year3":6.4365,"year5":22.5572,"thisyear":-1.417,"founded":22.5572},{"code":"167501","name":"安信宝利债券(LOF)","danweijingzhi":1.086,"leijijingzhi":1.287,"day":0.0,"week":0.0,"month":-0.367,"month3":-1.0929,"halfyear":-0.2755,"year":4.3228,"year2":0.0,"year3":0.0,"year5":31.1933,"thisyear":-0.092,"founded":31.1933},{"code":"160133","name":"南方天元","danweijingzhi":1.822,"leijijingzhi":1.822,"day":-0.6543,"week":-0.3282,"month":2.8797,"month3":1.7309,"halfyear":4.7729,"year":18.0052,"year2":31.6474,"year3":0.0,"year5":82.2,"thisyear":5.6232,"founded":82.2},{"code":"160812","name":"长盛同益成长回报","danweijingzhi":1.45,"leijijingzhi":4.765,"day":-0.4121,"week":0.2766,"month":3.1294,"month3":-0.8208,"halfyear":0.8345,"year":9.269,"year2":-7.878,"year3":0.0,"year5":45.0,"thisyear":2.546,"founded":45.0},{"code":"160919","name":"大成产业升级股票","danweijingzhi":1.127,"leijijingzhi":3.113,"day":-0.7923,"week":-1.1403,"month":1.8987,"month3":-1.572,"halfyear":0.0,"year":4.0627,"year2":-7.0132,"year3":0.0,"year5":6.4104,"thisyear":1.8067,"founded":6.4104},{"code":"161224","name":"国投瑞银新丝路混合(LOF)","danweijingzhi":1.087,"leijijingzhi":1.244,"day":-0.4579,"week":-0.9116,"month":2.0182,"month3":2.0397,"halfyear":4.616,"year":15.0984,"year2":0.0,"year3":0.0,"year5":25.8785,"thisyear":2.7627,"founded":25.8785},{"code":"502003","name":"易方达军工分级","danweijingzhi":1.1313,"leijijingzhi":0.7652,"day":-0.8849,"week":0.2925,"month":0.8287,"month3":1.5711,"halfyear":1.5255,"year":10.3928,"year2":0.0,"year3":0.0,"year5":-28.911,"thisyear":4.6821,"founded":-28.911},{"code":"162414","name":"华宝新机遇混合(LOF)A","danweijingzhi":1.0811,"leijijingzhi":1.0811,"day":-0.0277,"week":-0.0832,"month":0.3434,"month3":0.9148,"halfyear":1.4927,"year":5.3704,"year2":0.0,"year3":0.0,"year5":8.11,"thisyear":1.0374,"founded":8.11},{"code":"502006","name":"易方达国企改革指数分级","danweijingzhi":0.9959,"leijijingzhi":0.5944,"day":-0.8561,"week":-0.7574,"month":3.3413,"month3":2.1855,"halfyear":10.7417,"year":21.3617,"year2":0.0,"year3":0.0,"year5":-40.7779,"thisyear":5.8905,"founded":-40.7779},{"code":"502020","name":"国金上证50分级","danweijingzhi":1.188,"leijijingzhi":0.7388,"day":-0.6689,"week":-1.3288,"month":-0.8347,"month3":-3.4009,"halfyear":4.0553,"year":15.3312,"year2":0.0,"year3":0.0,"year5":-29.5858,"thisyear":2.4138,"founded":-29.5858},{"code":"502040","name":"长盛上证50指数分级","danweijingzhi":0.948,"leijijingzhi":0.9837,"day":-0.733,"week":-1.2501,"month":-0.8369,"month3":-3.2653,"halfyear":6.1081,"year":6.1081,"year2":0.0,"year3":0.0,"year5":-1.7439,"thisyear":1.7167,"founded":-1.7439},{"code":"502056","name":"广发医疗指数分级","danweijingzhi":1.0598,"leijijingzhi":0.7126,"day":-0.6469,"week":-0.8421,"month":2.2282,"month3":-10.279,"halfyear":-10.033,"year":6.777,"year2":0.0,"year3":0.0,"year5":-29.0803,"thisyear":-3.0819,"founded":-29.0803},{"code":"160635","name":"鹏华中证医药卫生(LOF)","danweijingzhi":0.99,"leijijingzhi":0.898,"day":-0.4024,"week":-1.1976,"month":1.8518,"month3":-2.9412,"halfyear":-2.1739,"year":10.4056,"year2":0.0,"year3":0.0,"year5":-10.2557,"thisyear":1.5385,"founded":-10.2557},{"code":"502026","name":"鹏华新丝路分级","danweijingzhi":0.893,"leijijingzhi":0.919,"day":-0.7778,"week":-0.5568,"month":3.8372,"month3":-1.1074,"halfyear":1.9406,"year":7.6938,"year2":0.0,"year3":0.0,"year5":-8.0295,"thisyear":2.7618,"founded":-8.0295},{"code":"161227","name":"国投瑞银深证100指数","danweijingzhi":0.891,"leijijingzhi":1.685,"day":-0.558,"week":-1.0,"month":2.4139,"month3":-5.9134,"halfyear":-1.438,"year":11.375,"year2":0.0,"year3":0.0,"year5":-10.3047,"thisyear":2.1789,"founded":-10.3047},{"code":"502013","name":"长盛中证申万一带一路分级","danweijingzhi":0.831,"leijijingzhi":0.4608,"day":-1.0714,"week":-0.8352,"month":2.8466,"month3":-3.2595,"halfyear":13.876,"year":15.562,"year2":0.0,"year3":0.0,"year5":-47.9369,"thisyear":4.397,"founded":-47.9369},{"code":"502048","name":"易方达上证50指数分级","danweijingzhi":1.1742,"leijijingzhi":0.7908,"day":-0.6683,"week":-1.2531,"month":-0.2973,"month3":-2.0521,"halfyear":6.0512,"year":17.7018,"year2":0.0,"year3":0.0,"year5":-25.106,"thisyear":2.9367,"founded":-25.106},{"code":"502023","name":"鹏华钢铁分级","danweijingzhi":0.997,"leijijingzhi":1.023,"day":-0.6972,"week":-2.3507,"month":4.1797,"month3":5.6144,"halfyear":14.8617,"year":15.2791,"year2":0.0,"year3":0.0,"year5":2.7137,"thisyear":10.4097,"founded":2.7137},{"code":"502000","name":"西部利得中证500等权重分级","danweijingzhi":1.016,"leijijingzhi":0.623,"day":-0.3922,"week":-0.2944,"month":4.3121,"month3":0.462,"halfyear":3.3523,"year":18.52,"year2":0.0,"year3":0.0,"year5":-37.7221,"thisyear":4.0751,"founded":-37.7221},{"code":"164908","name":"交银中证环境治理(LOF)","danweijingzhi":0.996,"leijijingzhi":0.996,"day":-0.4995,"week":0.9119,"month":4.6218,"month3":-1.581,"halfyear":0.8097,"year":17.8698,"year2":0.0,"year3":0.0,"year5":-0.4,"thisyear":1.8405,"founded":-0.4},{"code":"501001","name":"财通多策略精选混合(LOF)","danweijingzhi":1.033,"leijijingzhi":1.033,"day":-0.0967,"week":-0.0967,"month":0.8789,"month3":-2.2706,"halfyear":-4.2632,"year":10.0106,"year2":0.0,"year3":0.0,"year5":3.3,"thisyear":0.6823,"founded":3.3},{"code":"502053","name":"长盛中证证券公司分级","danweijingzhi":1.005,"leijijingzhi":1.0409,"day":-0.1986,"week":-0.9852,"month":0.2994,"month3":-9.132,"halfyear":-4.4952,"year":8.0398,"year2":0.0,"year3":0.0,"year5":3.7182,"thisyear":0.5,"founded":3.7182},{"code":"164403","name":"前海开源沪港深农业混合","danweijingzhi":0.931,"leijijingzhi":0.951,"day":-0.5342,"week":-0.9574,"month":3.4445,"month3":1.0858,"halfyear":3.7905,"year":14.3735,"year2":0.0,"year3":0.0,"year5":-4.9762,"thisyear":2.0834,"founded":-4.9762},{"code":"165525","name":"信诚中证基建工程指数LOF","danweijingzhi":1.24,"leijijingzhi":1.248,"day":-1.3524,"week":-1.1953,"month":4.1142,"month3":-2.8974,"halfyear":16.2137,"year":21.8074,"year2":0.0,"year3":0.0,"year5":25.0379,"thisyear":3.8526,"founded":25.0379},{"code":"502010","name":"易方达证券公司分级","danweijingzhi":1.1734,"leijijingzhi":0.8065,"day":-0.1702,"week":-0.8617,"month":1.0159,"month3":-7.1015,"halfyear":-1.2705,"year":11.5579,"year2":0.0,"year3":0.0,"year5":-26.3109,"thisyear":1.5931,"founded":-26.3109},{"code":"501002","name":"长信中证能源互联指数(LOF)","danweijingzhi":1.032,"leijijingzhi":1.032,"day":-0.578,"week":-0.8646,"month":0.6829,"month3":-3.8211,"halfyear":-4.0892,"year":4.3478,"year2":0.0,"year3":0.0,"year5":3.2,"thisyear":-1.3384,"founded":3.2},{"code":"501005","name":"汇添富中证精准医疗指数A","danweijingzhi":0.9939,"leijijingzhi":0.9939,"day":-1.0257,"week":-0.6696,"month":2.7075,"month3":-6.4389,"halfyear":-4.3315,"year":0.7501,"year2":0.0,"year3":0.0,"year5":-0.61,"thisyear":-1.4965,"founded":-0.61},{"code":"161226","name":"国投瑞银白银期货(LOF)","danweijingzhi":1.014,"leijijingzhi":1.014,"day":-0.1969,"week":1.2987,"month":6.0669,"month3":3.1536,"halfyear":-5.3221,"year":9.2672,"year2":0.0,"year3":0.0,"year5":1.4,"thisyear":4.4284,"founded":1.4},{"code":"161630","name":"融通中证大农业(LOF)","danweijingzhi":0.995,"leijijingzhi":1.004,"day":-0.5994,"week":-1.3874,"month":1.5306,"month3":-2.9268,"halfyear":-2.9268,"year":4.9579,"year2":0.0,"year3":0.0,"year5":0.3872,"thisyear":-0.8964,"founded":0.3872},{"code":"161033","name":"富国中证智能汽车(LOF)","danweijingzhi":0.961,"leijijingzhi":0.961,"day":-0.2077,"week":-0.4145,"month":3.8919,"month3":-3.8038,"halfyear":-7.3288,"year":-4.2829,"year2":0.0,"year3":0.0,"year5":-3.9,"thisyear":1.9088,"founded":-3.9},{"code":"501050","name":"华夏上证50AH优选指数","danweijingzhi":1.016,"leijijingzhi":1.016,"day":-0.3922,"week":-1.4549,"month":2.834,"month3":0.994,"halfyear":0.0,"year":0.0,"year2":0.0,"year3":0.0,"year5":1.6,"thisyear":5.176,"founded":1.6},{"code":"161222","name":"国投瑞银瑞利混合(LOF)","danweijingzhi":1.035,"leijijingzhi":1.057,"day":-0.0965,"week":0.0967,"month":2.071,"month3":1.4706,"halfyear":2.1718,"year":7.9172,"year2":5.3375,"year3":0.0,"year5":5.7589,"thisyear":2.5768,"founded":5.7589},{"code":"163119","name":"申万中证申万新兴健康产业指数","danweijingzhi":0.9257,"leijijingzhi":0.9257,"day":-0.5693,"week":-0.5586,"month":3.0158,"month3":-7.7069,"halfyear":0.0,"year":0.0,"year2":0.0,"year3":0.0,"year5":-7.43,"thisyear":-0.3445,"founded":-7.43},{"code":"501025","name":"鹏华香港银行指数(LOF)","danweijingzhi":1.057,"leijijingzhi":1.057,"day":-0.104,"week":-2.2202,"month":5.3733,"month3":7.0055,"halfyear":0.0,"year":0.0,"year2":0.0,"year3":0.0,"year5":5.7,"thisyear":7.6375,"founded":5.7},{"code":"501023","name":"鹏华香港中小企业指数LOF","danweijingzhi":1.0791,"leijijingzhi":1.0791,"day":0.0835,"week":-0.5896,"month":5.9811,"month3":7.7376,"halfyear":0.0,"year":0.0,"year2":0.0,"year3":0.0,"year5":7.91,"thisyear":9.022,"founded":7.91},{"code":"160225","name":"国泰国证新能源汽车指数","danweijingzhi":0.996,"leijijingzhi":0.996,"day":0.4336,"week":0.8914,"month":6.9013,"month3":-2.924,"halfyear":-7.2885,"year":15.4516,"year2":0.0,"year3":0.0,"year5":-1.3986,"thisyear":5.0522,"founded":-1.3986},{"code":"160813","name":"长盛同盛成长优选","danweijingzhi":0.808,"leijijingzhi":3.25,"day":-0.1236,"week":-0.3699,"month":3.1928,"month3":2.799,"halfyear":3.856,"year":-0.615,"year2":-25.9395,"year3":0.0,"year5":-19.2,"thisyear":3.7227,"founded":-19.2},{"code":"160223","name":"国泰创业板指数(LOF)","danweijingzhi":0.8998,"leijijingzhi":0.8998,"day":-0.6075,"week":-0.3765,"month":1.5805,"month3":-9.3492,"halfyear":0.0,"year":0.0,"year2":0.0,"year3":0.0,"year5":-10.029,"thisyear":-1.7792,"founded":-10.029},{"code":"502036","name":"大成中证互联网金融指数分级","danweijingzhi":1.041,"leijijingzhi":0.7055,"day":-0.8099,"week":-0.4018,"month":2.2895,"month3":-7.6089,"halfyear":-5.6939,"year":4.4658,"year2":0.0,"year3":0.0,"year5":-29.8304,"thisyear":-0.4114,"founded":-29.8304},{"code":"502016","name":"长信中证一带一路主题指数分级","danweijingzhi":1.093,"leijijingzhi":1.124,"day":-0.9066,"week":-1.086,"month":3.6019,"month3":-0.1919,"halfyear":12.3593,"year":16.7035,"year2":0.0,"year3":0.0,"year5":12.5281,"thisyear":5.4002,"founded":12.5281},{"code":"160322","name":"华夏港股通精选股票LOF","danweijingzhi":1.0688,"leijijingzhi":1.0688,"day":-0.3171,"week":-2.1873,"month":4.2427,"month3":7.3632,"halfyear":0.0,"year":0.0,"year2":0.0,"year3":0.0,"year5":6.8693,"thisyear":7.5143,"founded":6.8693},{"code":"161631","name":"融通人工智能指数(LOF)","danweijingzhi":0.0,"leijijingzhi":0.0,"day":0.0,"week":0.0,"month":0.0,"month3":0.0,"halfyear":0.0,"year":0.0,"year2":0.0,"year3":0.0,"year5":0.0,"thisyear":0.0,"founded":0.0},{"code":"501008","name":"汇添富中证互联网医疗指数C","danweijingzhi":0.9859,"leijijingzhi":0.9859,"day":-0.394,"week":-0.735,"month":0.911,"month3":0.0,"halfyear":0.0,"year":0.0,"year2":0.0,"year3":0.0,"year5":-1.41,"thisyear":-1.024,"founded":-1.41},{"code":"501030","name":"汇添富中证环境治理指数A","danweijingzhi":1.0042,"leijijingzhi":1.0042,"day":-0.4461,"week":0.01,"month":0.5205,"month3":0.0,"halfyear":0.0,"year":0.0,"year2":0.0,"year3":0.0,"year5":0.42,"thisyear":0.43,"founded":0.42},{"code":"501012","name":"汇添富中证中药指数(LOF)C","danweijingzhi":1.0069,"leijijingzhi":1.0069,"day":-0.5236,"week":-1.168,"month":1.1858,"month3":0.0,"halfyear":0.0,"year":0.0,"year2":0.0,"year3":0.0,"year5":0.69,"thisyear":0.489,"founded":0.69},{"code":"501011","name":"汇添富中证中药指数(LOF)A","danweijingzhi":1.0075,"leijijingzhi":1.0075,"day":-0.5233,"week":-1.1577,"month":1.2156,"month3":0.0,"halfyear":0.0,"year":0.0,"year2":0.0,"year3":0.0,"year5":0.75,"thisyear":0.5489,"founded":0.75},{"code":"501010","name":"汇添富中证生物科技指数C","danweijingzhi":1.0005,"leijijingzhi":1.0005,"day":-0.5862,"week":-0.7637,"month":2.4053,"month3":0.0,"halfyear":0.0,"year":0.0,"year2":0.0,"year3":0.0,"year5":0.05,"thisyear":-0.1696,"founded":0.05},{"code":"501009","name":"汇添富中证生物科技指数A","danweijingzhi":1.0012,"leijijingzhi":1.0012,"day":-0.5957,"week":-0.7632,"month":2.4455,"month3":0.0,"halfyear":0.0,"year":0.0,"year2":0.0,"year3":0.0,"year5":0.12,"thisyear":-0.1097,"founded":0.12},{"code":"160918","name":"大成中小盘混合(LOF)","danweijingzhi":1.725,"leijijingzhi":4.53,"day":0.2907,"week":0.9363,"month":3.1082,"month3":-2.5424,"halfyear":-3.5235,"year":1.173,"year2":42.6799,"year3":0.0,"year5":91.2417,"thisyear":1.1137,"founded":91.2417},{"code":"501031","name":"汇添富中证环境治理指数C","danweijingzhi":1.0041,"leijijingzhi":1.0041,"day":-0.4462,"week":0.01,"month":0.5508,"month3":0.0,"halfyear":0.0,"year":0.0,"year2":0.0,"year3":0.0,"year5":0.41,"thisyear":0.42,"founded":0.41},{"code":"161225","name":"国投瑞银瑞盈混合(LOF)","danweijingzhi":1.1,"leijijingzhi":1.121,"day":-0.3623,"week":0.0,"month":3.7736,"month3":6.2802,"halfyear":8.5415,"year":29.7479,"year2":0.0,"year3":0.0,"year5":12.2319,"thisyear":7.0039,"founded":12.2319},{"code":"501029","name":"华宝标普中国A股红利机会指数","danweijingzhi":1.0112,"leijijingzhi":1.0112,"day":-0.5018,"week":-0.9792,"month":1.019,"month3":0.0,"halfyear":0.0,"year":0.0,"year2":0.0,"year3":0.0,"year5":1.12,"thisyear":0.0,"founded":1.12},{"code":"501007","name":"汇添富中证互联网医疗指数A","danweijingzhi":0.9867,"leijijingzhi":0.9867,"day":-0.3836,"week":-0.7144,"month":0.9515,"month3":0.0,"halfyear":0.0,"year":0.0,"year2":0.0,"year3":0.0,"year5":-1.33,"thisyear":-0.9536,"founded":-1.33}]