[{"code":"000072","name":"华安保本混合","danweijingzhi":1.01,"leijijingzhi":1.775,"day":0.0,"week":0.0,"month":0.1984,"month3":-0.4926,"halfyear":0.0991,"year":2.8272,"year2":34.0482,"year3":77.6575,"year5":77.4798,"thisyear":0.2979,"founded":77.4798},{"code":"000030","name":"长城久利保本混合","danweijingzhi":1.006,"leijijingzhi":1.862,"day":-0.0993,"week":-0.2973,"month":0.0,"month3":-0.396,"halfyear":-0.2973,"year":2.5552,"year2":23.9949,"year3":56.9,"year5":86.2403,"thisyear":0.0995,"founded":86.2403},{"code":"000270","name":"建信安心保本混合","danweijingzhi":1.006,"leijijingzhi":1.537,"day":0.0,"week":0.0995,"month":0.2991,"month3":0.4995,"halfyear":0.6953,"year":2.921,"year2":21.7599,"year3":50.7959,"year5":53.661,"thisyear":0.4995,"founded":53.661},{"code":"200016","name":"长城保本","danweijingzhi":1.029,"leijijingzhi":1.585,"day":-0.0971,"week":-0.3872,"month":-0.194,"month3":-0.7714,"halfyear":-0.3872,"year":1.7804,"year2":25.4128,"year3":50.1153,"year5":58.5218,"thisyear":-0.0971,"founded":58.5218},{"code":"180028","name":"银华永祥保本","danweijingzhi":1.433,"leijijingzhi":1.653,"day":-0.0697,"week":0.0699,"month":0.2799,"month3":-0.0697,"halfyear":1.1292,"year":5.1358,"year2":23.7479,"year3":45.1449,"year5":58.201,"thisyear":0.4205,"founded":65.32},{"code":"000066","name":"诺安鸿鑫保本混合","danweijingzhi":1.013,"leijijingzhi":1.43,"day":-0.0986,"week":-0.0987,"month":0.0988,"month3":0.0988,"halfyear":0.6958,"year":3.0782,"year2":17.9616,"year3":40.8566,"year5":42.9694,"thisyear":0.496,"founded":42.9694},{"code":"020022","name":"国泰保本","danweijingzhi":1.336,"leijijingzhi":1.548,"day":0.1499,"week":0.15,"month":1.059,"month3":0.0749,"halfyear":1.22,"year":8.258,"year2":17.532,"year3":39.1539,"year5":58.0583,"thisyear":1.2889,"founded":54.7391},{"code":"000166","name":"中海安鑫保本","danweijingzhi":1.008,"leijijingzhi":1.399,"day":0.0,"week":0.0993,"month":0.1988,"month3":0.3984,"halfyear":0.1988,"year":0.1988,"year2":20.6193,"year3":38.5331,"year5":39.9184,"thisyear":0.4985,"founded":39.9184},{"code":"000126","name":"招商安润保本混合","danweijingzhi":1.009,"leijijingzhi":1.353,"day":0.0,"week":0.0,"month":0.0,"month3":-0.3949,"halfyear":-0.4931,"year":1.3533,"year2":11.9824,"year3":37.8158,"year5":35.6107,"thisyear":0.0992,"founded":35.6107},{"code":"206013","name":"鹏华金刚保本混合","danweijingzhi":1.014,"leijijingzhi":1.413,"day":0.0,"week":0.0,"month":-0.295,"month3":-1.9342,"halfyear":-2.8735,"year":-0.0985,"year2":11.9834,"year3":37.4738,"year5":41.3231,"thisyear":0.0987,"founded":41.3231},{"code":"121010","name":"国投瑞银瑞源保本","danweijingzhi":1.177,"leijijingzhi":1.427,"day":0.0,"week":-0.1696,"month":0.1702,"month3":-0.0849,"halfyear":3.1551,"year":8.0809,"year2":16.5347,"year3":36.5345,"year5":47.5828,"thisyear":1.4655,"founded":48.4683},{"code":"320020","name":"诺安汇鑫保本","danweijingzhi":0.995,"leijijingzhi":1.45,"day":-0.1004,"week":0.0,"month":-0.3006,"month3":-2.451,"halfyear":-3.3042,"year":-0.995,"year2":11.1346,"year3":35.6694,"year5":45.0306,"thisyear":-0.1004,"founded":45.0306},{"code":"000028","name":"华富保本混合","danweijingzhi":1.014,"leijijingzhi":1.352,"day":0.0,"week":-0.0986,"month":0.0987,"month3":0.0,"halfyear":0.1976,"year":2.2701,"year2":8.3965,"year3":34.807,"year5":36.2899,"thisyear":0.4955,"founded":36.2899},{"code":"217024","name":"招商安盈保本","danweijingzhi":1.023,"leijijingzhi":1.376,"day":0.0,"week":0.0979,"month":-0.0976,"month3":-0.968,"halfyear":-1.5399,"year":-0.3895,"year2":1.2704,"year3":33.8845,"year5":38.4366,"thisyear":-0.0976,"founded":38.4366},{"code":"163411","name":"兴全保本","danweijingzhi":1.3052,"leijijingzhi":1.5151,"day":-0.0613,"week":-0.1682,"month":0.1919,"month3":-0.1453,"halfyear":1.8574,"year":7.3444,"year2":16.4525,"year3":33.744,"year5":49.4281,"thisyear":0.8733,"founded":51.5052},{"code":"519726","name":"交银荣祥保本混合","danweijingzhi":1.0,"leijijingzhi":1.376,"day":0.0,"week":0.0,"month":-0.1996,"month3":-0.5964,"halfyear":-0.4976,"year":-0.3845,"year2":7.4873,"year3":33.2806,"year5":40.6268,"thisyear":0.0,"founded":40.6268},{"code":"400020","name":"东方安心收益保本","danweijingzhi":0.978,"leijijingzhi":1.3237,"day":-0.0613,"week":0.0,"month":-0.0409,"month3":-1.5106,"halfyear":-2.366,"year":-1.3633,"year2":7.5592,"year3":27.2848,"year5":32.2871,"thisyear":0.1947,"founded":32.2871},{"code":"000110","name":"金鹰元安保本混合A","danweijingzhi":1.0418,"leijijingzhi":1.3093,"day":0.0192,"week":0.0768,"month":-0.2107,"month3":0.0672,"halfyear":-0.2681,"year":1.0671,"year2":12.1711,"year3":26.9279,"year5":30.9261,"thisyear":-0.0768,"founded":30.9261},{"code":"320015","name":"诺安保本","danweijingzhi":1.253,"leijijingzhi":1.524,"day":0.0,"week":0.0798,"month":-0.1594,"month3":-1.4162,"halfyear":-0.5556,"year":3.8111,"year2":8.2973,"year3":26.1703,"year5":46.9756,"thisyear":0.1599,"founded":52.4137},{"code":"210014","name":"金鹰元丰保本","danweijingzhi":1.026,"leijijingzhi":1.256,"day":0.0,"week":0.0976,"month":0.1953,"month3":0.0976,"halfyear":0.5883,"year":2.6719,"year2":15.469,"year3":25.9696,"year5":25.5917,"thisyear":0.5883,"founded":25.5917},{"code":"020018","name":"国泰金鹿保本混合","danweijingzhi":1.008,"leijijingzhi":1.444,"day":0.0,"week":0.0,"month":0.5988,"month3":0.5988,"halfyear":0.7811,"year":5.0889,"year2":13.4388,"year3":24.7966,"year5":38.9396,"thisyear":1.002,"founded":49.7768},{"code":"400013","name":"东方保本","danweijingzhi":1.164,"leijijingzhi":1.368,"day":-0.0858,"week":-0.0858,"month":-0.3425,"month3":-2.0202,"halfyear":-2.1849,"year":1.4821,"year2":9.4418,"year3":24.082,"year5":35.0952,"thisyear":0.5181,"founded":36.9865},{"code":"090019","name":"大成景恒保本混合","danweijingzhi":1.003,"leijijingzhi":1.343,"day":0.0,"week":0.0997,"month":0.0,"month3":-0.4961,"halfyear":-1.0848,"year":-0.6931,"year2":5.4781,"year3":23.7545,"year5":34.2736,"thisyear":0.1998,"founded":34.2736},{"code":"000142","name":"融通通泰保本混合A","danweijingzhi":0.992,"leijijingzhi":1.244,"day":0.0,"week":0.0,"month":-0.2012,"month3":-1.0967,"halfyear":-1.0967,"year":0.0164,"year2":6.707,"year3":21.2674,"year5":24.4204,"thisyear":0.0,"founded":24.4204},{"code":"487016","name":"工银保本混合A","danweijingzhi":1.098,"leijijingzhi":1.325,"day":-0.091,"week":-0.1818,"month":0.0912,"month3":-1.259,"halfyear":-2.1391,"year":0.4574,"year2":8.6054,"year3":21.127,"year5":31.2009,"thisyear":0.4574,"founded":32.5129},{"code":"180002","name":"银华保本增值","danweijingzhi":1.0008,"leijijingzhi":1.0012,"day":-0.02,"week":0.05,"month":-0.0399,"month3":-0.8222,"halfyear":-1.2916,"year":0.15,"year2":7.3212,"year3":21.0649,"year5":24.9628,"thisyear":0.17,"founded":126.2602},{"code":"000058","name":"国联安保本混合","danweijingzhi":0.992,"leijijingzhi":1.162,"day":0.0,"week":0.0,"month":0.0,"month3":-0.6012,"halfyear":-0.8991,"year":-0.2422,"year2":2.4848,"year3":17.2733,"year5":16.2178,"thisyear":0.0,"founded":16.2178},{"code":"210006","name":"金鹰保本混合A","danweijingzhi":1.112,"leijijingzhi":1.305,"day":0.0,"week":0.0,"month":-0.3584,"month3":-0.3317,"halfyear":0.711,"year":3.8809,"year2":11.8253,"year3":16.8643,"year5":26.6124,"thisyear":0.1802,"founded":30.5374},{"code":"700004","name":"平安大华保本混合","danweijingzhi":1.021,"leijijingzhi":1.273,"day":0.0,"week":0.0,"month":0.3933,"month3":0.098,"halfyear":0.0,"year":1.2897,"year2":-1.836,"year3":13.779,"year5":27.3187,"thisyear":0.6903,"founded":27.3187},{"code":"620007","name":"金元顺安保本混合A","danweijingzhi":1.06,"leijijingzhi":1.188,"day":-0.3759,"week":-0.4695,"month":0.2838,"month3":-0.7491,"halfyear":-1.1194,"year":0.0944,"year2":3.0126,"year3":8.8657,"year5":16.7571,"thisyear":1.5326,"founded":19.0922},{"code":"000649","name":"长城久鑫保本混合","danweijingzhi":1.013,"leijijingzhi":1.24,"day":0.0,"week":0.0,"month":0.2971,"month3":-0.3933,"halfyear":-0.2952,"year":1.3,"year2":11.4232,"year3":0.0,"year5":24.014,"thisyear":0.3964,"founded":24.014},{"code":"000749","name":"国金鑫安保本","danweijingzhi":1.003,"leijijingzhi":1.085,"day":0.0,"week":0.0,"month":0.1998,"month3":0.4004,"halfyear":0.8238,"year":2.1319,"year2":7.6658,"year3":0.0,"year5":8.5271,"thisyear":0.4004,"founded":8.5271},{"code":"000804","name":"中信建投稳利保本","danweijingzhi":1.001,"leijijingzhi":1.241,"day":0.0,"week":0.0,"month":0.2002,"month3":0.4011,"halfyear":0.5597,"year":3.4771,"year2":20.7492,"year3":0.0,"year5":24.4924,"thisyear":0.4011,"founded":24.4924},{"code":"001858","name":"建信安心保本二号混合","danweijingzhi":1.016,"leijijingzhi":1.016,"day":-0.0983,"week":-0.0983,"month":0.2962,"month3":0.3953,"halfyear":0.7937,"year":1.8036,"year2":0.0,"year3":0.0,"year5":1.6,"thisyear":0.5941,"founded":1.6},{"code":"001704","name":"国投瑞银进宝保本混合","danweijingzhi":1.015,"leijijingzhi":1.015,"day":0.0,"week":0.0986,"month":0.3956,"month3":-0.782,"halfyear":-0.5877,"year":1.0956,"year2":0.0,"year3":0.0,"year5":1.5,"thisyear":0.495,"founded":1.5},{"code":"519753","name":"交银荣和保本混合","danweijingzhi":0.977,"leijijingzhi":0.977,"day":-0.1022,"week":0.0,"month":0.0,"month3":-0.8122,"halfyear":-1.0132,"year":0.5144,"year2":0.0,"year3":0.0,"year5":-2.3,"thisyear":0.0,"founded":-2.3},{"code":"001266","name":"国投瑞银招财保本混合","danweijingzhi":1.036,"leijijingzhi":1.036,"day":0.0,"week":0.0966,"month":0.485,"month3":0.9747,"halfyear":1.3699,"year":3.1873,"year2":0.0,"year3":0.0,"year5":3.6,"thisyear":1.0732,"founded":3.6},{"code":"001363","name":"长城久惠保本","danweijingzhi":1.005,"leijijingzhi":1.005,"day":0.0,"week":-0.1986,"month":0.2994,"month3":-0.6917,"halfyear":-0.9852,"year":1.005,"year2":0.0,"year3":0.0,"year5":0.5,"thisyear":0.3996,"founded":0.5},{"code":"001914","name":"中信建投稳利保本2号","danweijingzhi":1.029,"leijijingzhi":1.029,"day":0.0,"week":0.0973,"month":0.1947,"month3":0.1947,"halfyear":0.2924,"year":2.0833,"year2":0.0,"year3":0.0,"year5":2.9,"thisyear":0.4883,"founded":2.9},{"code":"001908","name":"国投瑞银境煊保本混合C","danweijingzhi":1.035,"leijijingzhi":1.035,"day":-0.0965,"week":-0.0965,"month":0.1936,"month3":-0.1929,"halfyear":1.173,"year":3.2934,"year2":0.0,"year3":0.0,"year5":3.5,"thisyear":0.779,"founded":3.5},{"code":"001613","name":"长城久祥保本","danweijingzhi":1.013,"leijijingzhi":1.013,"day":-0.0986,"week":-0.0986,"month":-0.0986,"month3":-0.3933,"halfyear":-0.4912,"year":1.1988,"year2":0.0,"year3":0.0,"year5":1.3,"thisyear":0.0988,"founded":1.3},{"code":"001907","name":"国投瑞银境煊保本混合A","danweijingzhi":1.045,"leijijingzhi":1.045,"day":-0.0956,"week":-0.0956,"month":0.1918,"month3":0.0,"halfyear":1.4563,"year":4.0837,"year2":0.0,"year3":0.0,"year5":4.5,"thisyear":0.8687,"founded":4.5},{"code":"001375","name":"金元顺安保本混合C","danweijingzhi":1.06,"leijijingzhi":1.06,"day":-0.3759,"week":-0.4695,"month":0.2838,"month3":-0.8419,"halfyear":-1.1194,"year":0.0945,"year2":0.0,"year3":0.0,"year5":1.6299,"thisyear":1.5325,"founded":1.6299},{"code":"519654","name":"银河泽利保本混合","danweijingzhi":1.013,"leijijingzhi":1.013,"day":0.0,"week":0.0,"month":0.297,"month3":0.3964,"halfyear":0.5958,"year":2.5304,"year2":0.0,"year3":0.0,"year5":1.3,"thisyear":0.5958,"founded":1.3},{"code":"002398","name":"华安安禧保本混合A","danweijingzhi":1.008,"leijijingzhi":1.008,"day":-0.0991,"week":-0.198,"month":0.2985,"month3":0.1988,"halfyear":0.0,"year":0.0,"year2":0.0,"year3":0.0,"year5":0.8,"thisyear":0.4985,"founded":0.8},{"code":"001739","name":"中融融安二号保本","danweijingzhi":1.017,"leijijingzhi":1.017,"day":0.0,"week":0.0984,"month":0.197,"month3":-1.3579,"halfyear":-1.1662,"year":0.8929,"year2":0.0,"year3":0.0,"year5":1.7,"thisyear":0.197,"founded":1.7},{"code":"001282","name":"华安新机遇保本混合","danweijingzhi":1.015,"leijijingzhi":1.015,"day":-0.0984,"week":-0.0984,"month":0.1974,"month3":-0.782,"halfyear":-0.0984,"year":3.0457,"year2":0.0,"year3":0.0,"year5":1.5,"thisyear":0.3956,"founded":1.5},{"code":"002530","name":"博时保泽保本A","danweijingzhi":1.006,"leijijingzhi":1.006,"day":-0.0993,"week":0.0,"month":0.0995,"month3":-0.1984,"halfyear":-0.2973,"year":0.0,"year2":0.0,"year3":0.0,"year5":0.6,"thisyear":0.6,"founded":0.6},{"code":"002308","name":"安信安盈保本混合","danweijingzhi":1.045,"leijijingzhi":1.045,"day":-0.0956,"week":0.0,"month":0.8687,"month3":0.2879,"halfyear":1.1617,"year":0.0,"year2":0.0,"year3":0.0,"year5":4.5,"thisyear":1.2597,"founded":4.5},{"code":"001932","name":"国寿安保保本混合","danweijingzhi":1.014,"leijijingzhi":1.014,"day":0.0,"week":0.0987,"month":0.0,"month3":-0.4907,"halfyear":-0.4907,"year":0.0,"year2":0.0,"year3":0.0,"year5":1.4,"thisyear":0.5952,"founded":1.4},{"code":"002197","name":"国泰鑫保本混合","danweijingzhi":1.01,"leijijingzhi":1.01,"day":0.0,"week":-0.0989,"month":0.3976,"month3":0.0991,"halfyear":-0.0989,"year":1.1011,"year2":0.0,"year3":0.0,"year5":1.0,"thisyear":0.5976,"founded":1.0},{"code":"002453","name":"九泰久稳保本混合A","danweijingzhi":1.01,"leijijingzhi":1.01,"day":-0.0989,"week":0.0,"month":0.3976,"month3":0.4975,"halfyear":0.2979,"year":0.0,"year2":0.0,"year3":0.0,"year5":1.0,"thisyear":0.5976,"founded":1.0},{"code":"001531","name":"招商安益保本混合","danweijingzhi":1.064,"leijijingzhi":1.064,"day":0.0,"week":0.0,"month":0.4721,"month3":-0.4677,"halfyear":-0.3745,"year":3.7037,"year2":0.0,"year3":0.0,"year5":6.4,"thisyear":0.5671,"founded":6.4},{"code":"002456","name":"招商安元保本混合A","danweijingzhi":1.015,"leijijingzhi":1.015,"day":0.0,"week":0.0986,"month":0.3956,"month3":0.1974,"halfyear":0.2964,"year":1.5,"year2":0.0,"year3":0.0,"year5":1.5,"thisyear":0.2964,"founded":1.5},{"code":"002282","name":"平安大华安享保本混合","danweijingzhi":1.012,"leijijingzhi":1.012,"day":0.0,"week":0.0,"month":0.2973,"month3":0.198,"halfyear":0.2973,"year":1.2,"year2":0.0,"year3":0.0,"year5":1.2,"thisyear":0.4965,"founded":1.2},{"code":"519675","name":"银河润利保本混合A","danweijingzhi":0.9954,"leijijingzhi":1.4308,"day":-0.0201,"week":-0.0402,"month":-0.0101,"month3":-0.3204,"halfyear":-0.5297,"year":1.3315,"year2":20.166,"year3":0.0,"year5":42.8774,"thisyear":0.1711,"founded":42.8774},{"code":"002531","name":"博时保泽保本C","danweijingzhi":1.003,"leijijingzhi":1.003,"day":0.0,"week":0.0998,"month":0.1998,"month3":-0.199,"halfyear":-0.496,"year":0.0,"year2":0.0,"year3":0.0,"year5":0.3,"thisyear":0.6018,"founded":0.3},{"code":"002573","name":"建信安心保本六号混合","danweijingzhi":0.997,"leijijingzhi":0.997,"day":0.0,"week":0.0,"month":-0.499,"month3":-1.3848,"halfyear":-1.4822,"year":0.0,"year2":0.0,"year3":0.0,"year5":-0.3,"thisyear":-0.6972,"founded":-0.3},{"code":"002271","name":"招商安弘保本混合","danweijingzhi":1.02,"leijijingzhi":1.02,"day":0.0981,"week":0.0981,"month":0.295,"month3":0.0981,"halfyear":0.0981,"year":1.6949,"year2":0.0,"year3":0.0,"year5":2.0,"thisyear":0.3937,"founded":2.0},{"code":"002358","name":"国投瑞银瑞祥保本混合","danweijingzhi":1.02,"leijijingzhi":1.02,"day":-0.0979,"week":0.0,"month":0.1965,"month3":0.1965,"halfyear":0.295,"year":2.0,"year2":0.0,"year3":0.0,"year5":2.0,"thisyear":0.5917,"founded":2.0},{"code":"002681","name":"金鹰元和保本A","danweijingzhi":1.0,"leijijingzhi":1.0,"day":0.0,"week":0.0,"month":-0.0999,"month3":-0.1996,"halfyear":-0.1996,"year":0.0,"year2":0.0,"year3":0.0,"year5":0.0,"thisyear":0.2004,"founded":0.0},{"code":"002682","name":"金鹰元和保本C","danweijingzhi":0.996,"leijijingzhi":0.996,"day":0.0,"week":0.0,"month":-0.1003,"month3":-0.3003,"halfyear":-0.4995,"year":0.0,"year2":0.0,"year3":0.0,"year5":-0.4,"thisyear":0.2012,"founded":-0.4},{"code":"002412","name":"华富安福保本混合","danweijingzhi":1.004,"leijijingzhi":1.004,"day":0.0,"week":-0.0995,"month":-0.0995,"month3":-0.2979,"halfyear":-0.5941,"year":0.0,"year2":0.0,"year3":0.0,"year5":0.4,"thisyear":0.2997,"founded":0.4},{"code":"002296","name":"长城久安保本","danweijingzhi":1.023,"leijijingzhi":1.023,"day":0.0,"week":-0.0977,"month":0.1959,"month3":0.0978,"halfyear":0.0,"year":1.994,"year2":0.0,"year3":0.0,"year5":2.3,"thisyear":0.2941,"founded":2.3},{"code":"002644","name":"大成景荣保本混合A","danweijingzhi":1.001,"leijijingzhi":1.001,"day":0.0,"week":0.0,"month":0.2002,"month3":-0.398,"halfyear":-0.398,"year":0.0,"year2":0.0,"year3":0.0,"year5":0.1,"thisyear":0.4012,"founded":0.1},{"code":"002628","name":"招商安博保本混合A","danweijingzhi":1.0,"leijijingzhi":1.0,"day":0.0,"week":0.0,"month":0.1001,"month3":-0.0999,"halfyear":-0.3984,"year":0.0,"year2":0.0,"year3":0.0,"year5":0.0,"thisyear":0.3009,"founded":0.0},{"code":"002420","name":"汇添富盈鑫保本混合","danweijingzhi":0.999,"leijijingzhi":0.999,"day":0.0,"week":0.1002,"month":-0.1998,"month3":-1.6732,"halfyear":-2.0588,"year":0.0,"year2":0.0,"year3":0.0,"year5":-0.1,"thisyear":0.2006,"founded":-0.1},{"code":"002560","name":"诺安和鑫保本混合","danweijingzhi":0.997,"leijijingzhi":0.997,"day":-0.1002,"week":0.0,"month":0.1004,"month3":-0.8946,"halfyear":-0.993,"year":0.0,"year2":0.0,"year3":0.0,"year5":-0.3,"thisyear":0.3018,"founded":-0.3},{"code":"002419","name":"汇添富盈安保本混合","danweijingzhi":1.008,"leijijingzhi":1.008,"day":0.0,"week":0.0,"month":-0.198,"month3":-1.2733,"halfyear":-1.4663,"year":0.0,"year2":0.0,"year3":0.0,"year5":0.8,"thisyear":0.0993,"founded":0.8},{"code":"001905","name":"华安安益保本混合","danweijingzhi":1.004,"leijijingzhi":1.004,"day":0.0,"week":0.0,"month":0.0997,"month3":-0.0995,"halfyear":-0.1988,"year":0.4,"year2":0.0,"year3":0.0,"year5":0.4,"thisyear":0.4,"founded":0.4},{"code":"002213","name":"中海顺鑫保本混合","danweijingzhi":1.004,"leijijingzhi":1.004,"day":0.0,"week":0.0,"month":0.1996,"month3":0.4,"halfyear":0.1996,"year":0.0997,"year2":0.0,"year3":0.0,"year5":0.4,"thisyear":0.4,"founded":0.4},{"code":"002440","name":"中加心安保本混合","danweijingzhi":1.0152,"leijijingzhi":1.0152,"day":-0.0098,"week":0.0394,"month":-0.0984,"month3":-0.2358,"halfyear":-0.8303,"year":0.0,"year2":0.0,"year3":0.0,"year5":1.52,"thisyear":0.1875,"founded":1.52},{"code":"519198","name":"万家颐和保本混合","danweijingzhi":0.9947,"leijijingzhi":0.9947,"day":-0.0502,"week":-0.1506,"month":-0.0302,"month3":-1.0839,"halfyear":-1.192,"year":0.0,"year2":0.0,"year3":0.0,"year5":-0.53,"thisyear":0.2924,"founded":-0.53},{"code":"002790","name":"长盛同享保本混合C","danweijingzhi":1.006,"leijijingzhi":1.006,"day":0.0,"week":-0.0993,"month":0.1992,"month3":0.1992,"halfyear":0.4995,"year":0.0,"year2":0.0,"year3":0.0,"year5":0.6,"thisyear":0.7007,"founded":0.6},{"code":"002703","name":"长城久源保本混合","danweijingzhi":0.998,"leijijingzhi":0.998,"day":0.0,"week":-0.2,"month":0.0,"month3":-0.1001,"halfyear":-0.2997,"year":0.0,"year2":0.0,"year3":0.0,"year5":-0.2,"thisyear":0.1003,"founded":-0.2},{"code":"002657","name":"招商安裕保本混合A","danweijingzhi":1.003,"leijijingzhi":1.003,"day":0.0,"week":0.0,"month":0.0998,"month3":0.0998,"halfyear":0.0,"year":0.0,"year2":0.0,"year3":0.0,"year5":0.3,"thisyear":0.3,"founded":0.3},{"code":"001922","name":"国泰新目标收益保本混合","danweijingzhi":1.006,"leijijingzhi":1.006,"day":0.0,"week":-0.0993,"month":0.1992,"month3":0.0,"halfyear":-0.2973,"year":1.2072,"year2":0.0,"year3":0.0,"year5":0.6,"thisyear":0.3992,"founded":0.6},{"code":"002145","name":"诺安景鑫保本混合","danweijingzhi":0.998,"leijijingzhi":0.998,"day":-0.1001,"week":0.0,"month":0.0,"month3":-0.6965,"halfyear":-0.8937,"year":0.4024,"year2":0.0,"year3":0.0,"year5":-0.2,"thisyear":0.2008,"founded":-0.2},{"code":"002208","name":"博时境源保本A","danweijingzhi":1.014,"leijijingzhi":1.014,"day":0.0,"week":0.0,"month":0.0987,"month3":-0.0985,"halfyear":-0.295,"year":1.5015,"year2":0.0,"year3":0.0,"year5":1.4,"thisyear":0.6951,"founded":1.4},{"code":"002209","name":"博时境源保本C","danweijingzhi":1.012,"leijijingzhi":1.012,"day":0.0,"week":0.0989,"month":0.0989,"month3":-0.0987,"halfyear":-0.2956,"year":1.4028,"year2":0.0,"year3":0.0,"year5":1.2,"thisyear":0.6965,"founded":1.2},{"code":"002505","name":"鹏华金鼎保本混合C","danweijingzhi":0.967,"leijijingzhi":0.967,"day":0.0,"week":-0.1033,"month":-0.9221,"month3":-3.3966,"halfyear":-4.9164,"year":0.0,"year2":0.0,"year3":0.0,"year5":-3.3,"thisyear":-0.7187,"founded":-3.3},{"code":"002714","name":"鹏华金城保本混合","danweijingzhi":0.988,"leijijingzhi":0.988,"day":0.0,"week":0.0,"month":-0.202,"month3":-1.2,"halfyear":-1.8868,"year":0.0,"year2":0.0,"year3":0.0,"year5":-1.2,"thisyear":0.0,"founded":-1.2},{"code":"002814","name":"博时保泰保本C","danweijingzhi":0.998,"leijijingzhi":0.998,"day":0.0,"week":0.3015,"month":0.4024,"month3":0.0,"halfyear":-0.4985,"year":0.0,"year2":0.0,"year3":0.0,"year5":-0.2,"thisyear":0.91,"founded":-0.2},{"code":"002304","name":"平安大华安心保本混合","danweijingzhi":1.014,"leijijingzhi":1.014,"day":0.0,"week":0.0,"month":0.1976,"month3":0.0987,"halfyear":0.0987,"year":1.1976,"year2":0.0,"year3":0.0,"year5":1.4,"thisyear":0.4955,"founded":1.4},{"code":"002280","name":"华富安享保本混合","danweijingzhi":1.014,"leijijingzhi":1.014,"day":0.0,"week":0.0,"month":0.0987,"month3":-0.3929,"halfyear":-0.295,"year":1.4,"year2":0.0,"year3":0.0,"year5":1.4,"thisyear":0.6951,"founded":1.4},{"code":"002458","name":"国泰民利保本混合","danweijingzhi":0.999,"leijijingzhi":0.999,"day":0.1002,"week":0.0,"month":0.402,"month3":0.2006,"halfyear":-0.1998,"year":0.0,"year2":0.0,"year3":0.0,"year5":-0.1,"thisyear":0.6042,"founded":-0.1},{"code":"002363","name":"华安安康保本混合A","danweijingzhi":1.013,"leijijingzhi":1.013,"day":0.0,"week":0.0,"month":0.0,"month3":-0.197,"halfyear":-0.0986,"year":1.1988,"year2":0.0,"year3":0.0,"year5":1.3,"thisyear":0.1978,"founded":1.3},{"code":"002378","name":"建信安心保本五号混合","danweijingzhi":1.02,"leijijingzhi":1.02,"day":-0.0979,"week":0.0,"month":0.295,"month3":0.4926,"halfyear":0.8902,"year":2.0,"year2":0.0,"year3":0.0,"year5":2.0,"thisyear":0.4926,"founded":2.0},{"code":"002543","name":"长城久益保本A","danweijingzhi":1.013,"leijijingzhi":1.013,"day":0.0,"week":-0.0986,"month":0.0988,"month3":-0.0986,"halfyear":0.0988,"year":0.0,"year2":0.0,"year3":0.0,"year5":1.3,"thisyear":0.1978,"founded":1.3},{"code":"002622","name":"广发稳裕保本","danweijingzhi":1.013,"leijijingzhi":1.013,"day":0.0,"week":0.0,"month":0.1978,"month3":0.496,"halfyear":0.997,"year":0.0,"year2":0.0,"year3":0.0,"year5":1.3,"thisyear":0.496,"founded":1.3},{"code":"002718","name":"红塔红土盛隆保本混合C","danweijingzhi":1.017,"leijijingzhi":1.017,"day":0.0,"week":-0.1963,"month":0.3949,"month3":0.6931,"halfyear":0.4941,"year":0.0,"year2":0.0,"year3":0.0,"year5":1.7,"thisyear":1.194,"founded":1.7},{"code":"002717","name":"红塔红土盛隆保本混合A","danweijingzhi":1.019,"leijijingzhi":1.019,"day":0.0,"week":-0.1959,"month":0.3941,"month3":0.7913,"halfyear":0.6917,"year":0.0,"year2":0.0,"year3":0.0,"year5":1.9,"thisyear":1.2922,"founded":1.9},{"code":"002292","name":"诺安益鑫保本","danweijingzhi":1.007,"leijijingzhi":1.007,"day":-0.0992,"week":0.0,"month":0.0994,"month3":-0.8858,"halfyear":-0.9833,"year":0.5994,"year2":0.0,"year3":0.0,"year5":0.7,"thisyear":0.2988,"founded":0.7},{"code":"002295","name":"广发稳安保本","danweijingzhi":1.016,"leijijingzhi":1.016,"day":0.0,"week":0.0,"month":0.2962,"month3":0.1972,"halfyear":0.0,"year":1.4985,"year2":0.0,"year3":0.0,"year5":1.6,"thisyear":0.4946,"founded":1.6},{"code":"002813","name":"博时保泰保本A","danweijingzhi":1.0,"leijijingzhi":1.0,"day":-0.0999,"week":0.2004,"month":0.4016,"month3":0.0,"halfyear":-0.3984,"year":0.0,"year2":0.0,"year3":0.0,"year5":0.0,"thisyear":0.9082,"founded":0.0},{"code":"002777","name":"招商安荣保本混合C","danweijingzhi":0.996,"leijijingzhi":0.996,"day":0.0,"week":0.0,"month":0.0,"month3":0.1005,"halfyear":-0.4,"year":0.0,"year2":0.0,"year3":0.0,"year5":-0.4,"thisyear":0.2012,"founded":-0.4},{"code":"002776","name":"招商安荣保本混合A","danweijingzhi":1.002,"leijijingzhi":1.002,"day":0.0,"week":0.0999,"month":0.2,"month3":0.4008,"halfyear":0.0999,"year":0.0,"year2":0.0,"year3":0.0,"year5":0.2,"thisyear":0.4008,"founded":0.2},{"code":"002590","name":"山西证券保本混合C","danweijingzhi":1.001,"leijijingzhi":1.001,"day":-0.0998,"week":-0.0998,"month":-0.2988,"month3":-1.8627,"halfyear":-2.1505,"year":0.0,"year2":0.0,"year3":0.0,"year5":0.1,"thisyear":-0.1994,"founded":0.1},{"code":"002454","name":"九泰久稳保本混合C","danweijingzhi":1.004,"leijijingzhi":1.004,"day":0.0,"week":0.0,"month":0.4,"month3":0.2997,"halfyear":0.0,"year":0.0,"year2":0.0,"year3":0.0,"year5":0.4,"thisyear":0.6012,"founded":0.4},{"code":"002959","name":"汇添富盈稳保本混合","danweijingzhi":0.991,"leijijingzhi":0.991,"day":0.0,"week":0.0,"month":-0.1008,"month3":-0.6018,"halfyear":-0.999,"year":0.0,"year2":0.0,"year3":0.0,"year5":-0.9,"thisyear":0.3036,"founded":-0.9},{"code":"002640","name":"中信建投稳溢保本","danweijingzhi":1.008,"leijijingzhi":1.008,"day":0.0,"week":0.0,"month":0.1988,"month3":0.3984,"halfyear":0.2985,"year":0.0,"year2":0.0,"year3":0.0,"year5":0.8,"thisyear":0.4985,"founded":0.8},{"code":"002137","name":"诺安利鑫保本混合","danweijingzhi":0.996,"leijijingzhi":0.996,"day":-0.1003,"week":0.0,"month":0.0,"month3":-0.994,"halfyear":-1.2884,"year":0.2012,"year2":0.0,"year3":0.0,"year5":-0.4,"thisyear":0.2012,"founded":-0.4},{"code":"002242","name":"国投瑞银瑞兴保本混合","danweijingzhi":1.027,"leijijingzhi":1.027,"day":-0.0973,"week":-0.0973,"month":0.391,"month3":0.5877,"halfyear":0.6863,"year":2.495,"year2":0.0,"year3":0.0,"year5":2.7,"thisyear":0.7851,"founded":2.7},{"code":"002338","name":"兴业保本混合","danweijingzhi":1.028,"leijijingzhi":1.028,"day":-0.0972,"week":0.0,"month":-0.1942,"month3":-1.4382,"halfyear":-0.9634,"year":3.006,"year2":0.0,"year3":0.0,"year5":2.8,"thisyear":0.0974,"founded":2.8},{"code":"002691","name":"前海开源恒泽保本混合C","danweijingzhi":1.004,"leijijingzhi":1.004,"day":-0.0995,"week":-0.0995,"month":0.0997,"month3":-0.5941,"halfyear":0.5005,"year":0.0,"year2":0.0,"year3":0.0,"year5":0.4,"thisyear":0.4,"founded":0.4},{"code":"002596","name":"华商保本1号","danweijingzhi":0.997,"leijijingzhi":0.997,"day":-0.1002,"week":0.1004,"month":0.504,"month3":-0.993,"halfyear":-0.796,"year":0.0,"year2":0.0,"year3":0.0,"year5":-0.3,"thisyear":0.7071,"founded":-0.3},{"code":"002504","name":"鹏华金鼎保本混合A","danweijingzhi":0.973,"leijijingzhi":0.973,"day":0.0,"week":-0.1027,"month":-0.9165,"month3":-3.1841,"halfyear":-4.6078,"year":0.0,"year2":0.0,"year3":0.0,"year5":-2.7,"thisyear":-0.6129,"founded":-2.7},{"code":"002399","name":"华安安禧保本混合C","danweijingzhi":1.004,"leijijingzhi":1.004,"day":-0.0995,"week":-0.1988,"month":0.2997,"month3":0.0997,"halfyear":-0.1988,"year":0.0,"year2":0.0,"year3":0.0,"year5":0.4,"thisyear":0.5005,"founded":0.4},{"code":"002542","name":"长城久鼎保本混合","danweijingzhi":1.0,"leijijingzhi":1.0,"day":-0.0999,"week":0.0,"month":0.1001,"month3":0.1001,"halfyear":-0.0999,"year":0.0,"year2":0.0,"year3":0.0,"year5":0.0,"thisyear":0.3009,"founded":0.0},{"code":"519766","name":"交银荣鑫保本混合","danweijingzhi":1.002,"leijijingzhi":1.002,"day":0.0,"week":0.0999,"month":0.0999,"month3":-0.5952,"halfyear":-0.9881,"year":0.0,"year2":0.0,"year3":0.0,"year5":0.2,"thisyear":0.0999,"founded":0.2},{"code":"002281","name":"建信安心保本三号混合","danweijingzhi":1.013,"leijijingzhi":1.013,"day":0.0,"week":-0.0986,"month":0.297,"month3":0.496,"halfyear":0.796,"year":1.6048,"year2":0.0,"year3":0.0,"year5":1.3,"thisyear":0.5958,"founded":1.3},{"code":"002585","name":"建信安心保本七号混合","danweijingzhi":1.011,"leijijingzhi":1.011,"day":0.0,"week":0.0,"month":0.1982,"month3":0.3972,"halfyear":0.7976,"year":0.0,"year2":0.0,"year3":0.0,"year5":1.1,"thisyear":0.497,"founded":1.1},{"code":"002364","name":"华安安康保本混合C","danweijingzhi":1.007,"leijijingzhi":1.007,"day":0.0,"week":0.0,"month":-0.0992,"month3":-0.3956,"halfyear":-0.3956,"year":0.7,"year2":0.0,"year3":0.0,"year5":0.7,"thisyear":0.0994,"founded":0.7},{"code":"002629","name":"招商安博保本混合C","danweijingzhi":0.996,"leijijingzhi":0.996,"day":0.0,"week":0.0,"month":0.0,"month3":-0.2004,"halfyear":-0.6979,"year":0.0,"year2":0.0,"year3":0.0,"year5":-0.4,"thisyear":0.2012,"founded":-0.4},{"code":"002425","name":"金鹰保本混合C","danweijingzhi":1.117,"leijijingzhi":1.617,"day":0.0,"week":0.0,"month":-0.3568,"month3":0.3358,"halfyear":1.3385,"year":0.0,"year2":0.0,"year3":0.0,"year5":62.243,"thisyear":0.5401,"founded":62.243},{"code":"002291","name":"诺安安鑫保本混合","danweijingzhi":0.997,"leijijingzhi":0.997,"day":0.0,"week":0.0,"month":0.0,"month3":-1.1893,"halfyear":-1.2871,"year":-0.2002,"year2":0.0,"year3":0.0,"year5":-0.3,"thisyear":0.0,"founded":-0.3},{"code":"002389","name":"招商安德保本混合A","danweijingzhi":1.013,"leijijingzhi":1.013,"day":0.0,"week":0.0,"month":0.0988,"month3":0.1978,"halfyear":-0.0986,"year":1.3,"year2":0.0,"year3":0.0,"year5":1.3,"thisyear":0.297,"founded":1.3},{"code":"002544","name":"长城久益保本C","danweijingzhi":1.008,"leijijingzhi":1.008,"day":-0.0991,"week":-0.0991,"month":0.0,"month3":-0.198,"halfyear":-0.198,"year":0.0,"year2":0.0,"year3":0.0,"year5":0.8,"thisyear":0.0993,"founded":0.8},{"code":"002415","name":"融通通盈保本混合","danweijingzhi":1.013,"leijijingzhi":1.013,"day":0.0,"week":-0.0986,"month":0.0,"month3":0.1978,"halfyear":-0.2953,"year":0.0,"year2":0.0,"year3":0.0,"year5":1.3,"thisyear":0.6958,"founded":1.3},{"code":"002565","name":"创金合信鑫安保本A","danweijingzhi":1.024,"leijijingzhi":1.024,"day":0.0,"week":0.0,"month":0.1957,"month3":-1.2536,"halfyear":-0.4859,"year":0.0,"year2":0.0,"year3":0.0,"year5":2.4,"thisyear":-0.5825,"founded":2.4},{"code":"002512","name":"长城久润保本","danweijingzhi":1.012,"leijijingzhi":1.012,"day":0.0,"week":-0.3937,"month":0.3968,"month3":0.0989,"halfyear":0.198,"year":0.0,"year2":0.0,"year3":0.0,"year5":1.2,"thisyear":0.4965,"founded":1.2},{"code":"002745","name":"北信瑞丰丰利保本","danweijingzhi":1.004,"leijijingzhi":1.004,"day":0.0,"week":-0.0995,"month":0.1996,"month3":-0.2979,"halfyear":0.0,"year":0.0,"year2":0.0,"year3":0.0,"year5":0.4,"thisyear":0.4,"founded":0.4},{"code":"003189","name":"汇添富保鑫保本混合","danweijingzhi":0.985,"leijijingzhi":0.985,"day":0.0,"week":0.0,"month":-0.3036,"month3":-1.2036,"halfyear":0.0,"year":0.0,"year2":0.0,"year3":0.0,"year5":-1.5,"thisyear":0.2035,"founded":-1.5},{"code":"002584","name":"富安达长盈保本混合","danweijingzhi":0.99,"leijijingzhi":0.99,"day":0.0,"week":0.1011,"month":0.2024,"month3":-1.6882,"halfyear":-1.5905,"year":0.0,"year2":0.0,"year3":0.0,"year5":-1.0,"thisyear":0.4057,"founded":-1.0},{"code":"002648","name":"东方合家保本混合","danweijingzhi":0.9986,"leijijingzhi":0.9986,"day":-0.06,"week":-0.1999,"month":0.1404,"month3":-0.775,"halfyear":-0.8046,"year":0.0,"year2":0.0,"year3":0.0,"year5":-0.14,"thisyear":0.7872,"founded":-0.14},{"code":"002566","name":"创金合信鑫安保本C","danweijingzhi":1.018,"leijijingzhi":1.018,"day":0.0,"week":0.0,"month":0.0983,"month3":-1.4521,"halfyear":-0.8763,"year":0.0,"year2":0.0,"year3":0.0,"year5":1.8,"thisyear":-0.6829,"founded":1.8},{"code":"002513","name":"金鹰元安保本混合C","danweijingzhi":0.9908,"leijijingzhi":0.9908,"day":0.0202,"week":0.0606,"month":-0.2316,"month3":-0.6518,"halfyear":-1.0882,"year":0.0,"year2":0.0,"year3":0.0,"year5":-0.92,"thisyear":-0.1109,"founded":-0.92},{"code":"002690","name":"前海开源恒泽保本混合A","danweijingzhi":1.006,"leijijingzhi":1.006,"day":-0.0993,"week":-0.0993,"month":0.1992,"month3":-0.4946,"halfyear":0.7007,"year":0.0,"year2":0.0,"year3":0.0,"year5":0.6,"thisyear":0.4995,"founded":0.6},{"code":"002789","name":"长盛同享保本混合A","danweijingzhi":1.008,"leijijingzhi":1.008,"day":-0.0991,"week":-0.0991,"month":0.1988,"month3":0.0993,"halfyear":0.4985,"year":0.0,"year2":0.0,"year3":0.0,"year5":0.8,"thisyear":0.6993,"founded":0.8},{"code":"002367","name":"国联安安稳保本混合","danweijingzhi":0.996,"leijijingzhi":0.996,"day":0.0,"week":-0.1003,"month":-0.5988,"month3":-1.1905,"halfyear":-2.4486,"year":0.0,"year2":0.0,"year3":0.0,"year5":-0.4,"thisyear":-0.2004,"founded":-0.4},{"code":"002446","name":"广发稳鑫保本","danweijingzhi":1.018,"leijijingzhi":1.018,"day":0.0,"week":0.0983,"month":0.3945,"month3":0.4936,"halfyear":0.9921,"year":0.0,"year2":0.0,"year3":0.0,"year5":1.8,"thisyear":0.7921,"founded":1.8},{"code":"001800","name":"华安新乐享保本混合","danweijingzhi":1.009,"leijijingzhi":1.009,"day":0.0992,"week":0.0,"month":0.0,"month3":-0.7866,"halfyear":-0.099,"year":2.4365,"year2":0.0,"year3":0.0,"year5":0.9,"thisyear":-0.4931,"founded":0.9},{"code":"002589","name":"山西证券保本混合A","danweijingzhi":0.996,"leijijingzhi":0.996,"day":-0.1003,"week":-0.1003,"month":-0.3003,"month3":-1.9685,"halfyear":-2.4486,"year":0.0,"year2":0.0,"year3":0.0,"year5":-0.4,"thisyear":-0.3003,"founded":-0.4},{"code":"002658","name":"招商安裕保本混合C","danweijingzhi":1.0,"leijijingzhi":1.0,"day":0.0,"week":0.0,"month":0.0,"month3":0.0,"halfyear":-0.1996,"year":0.0,"year2":0.0,"year3":0.0,"year5":0.0,"thisyear":0.2004,"founded":0.0},{"code":"002489","name":"国泰民福保本混合","danweijingzhi":1.007,"leijijingzhi":1.007,"day":0.0,"week":-0.0992,"month":0.2988,"month3":-0.1982,"halfyear":-0.3956,"year":0.0,"year2":0.0,"year3":0.0,"year5":0.7,"thisyear":0.499,"founded":0.7},{"code":"519197","name":"万家颐达","danweijingzhi":0.9928,"leijijingzhi":0.9928,"day":-0.0403,"week":-0.1207,"month":-0.1207,"month3":-1.1943,"halfyear":-1.9069,"year":0.0,"year2":0.0,"year3":0.0,"year5":-0.72,"thisyear":0.1715,"founded":-0.72}]